carriers,locs,techs,timesteps,carrier_con
Power,CNOR,Trans:CSUD,2019-04-01 00:00:00,0.0
Power,CNOR,Trans:CSUD,2019-04-01 01:00:00,0.0
Power,CNOR,Trans:CSUD,2019-04-01 02:00:00,0.0
Power,CNOR,Trans:CSUD,2019-04-01 03:00:00,0.0
Power,CNOR,Trans:CSUD,2019-04-01 04:00:00,0.0
Power,CNOR,Trans:CSUD,2019-04-01 05:00:00,0.0
Power,CNOR,Trans:CSUD,2019-04-01 06:00:00,0.0
Power,CNOR,Trans:CSUD,2019-04-01 07:00:00,0.0
Power,CNOR,Trans:CSUD,2019-04-01 08:00:00,0.0
Power,CNOR,Trans:CSUD,2019-04-01 09:00:00,-6798.039822585413
Power,CNOR,Trans:CSUD,2019-04-01 10:00:00,0.0
Power,CNOR,Trans:CSUD,2019-04-01 11:00:00,0.0
Power,CNOR,Trans:CSUD,2019-04-01 12:00:00,-758700.9071949169
Power,CNOR,Trans:CSUD,2019-04-01 13:00:00,-1029044.8599437375
Power,CNOR,Trans:CSUD,2019-04-01 14:00:00,-692092.15025
Power,CNOR,Trans:CSUD,2019-04-01 15:00:00,-98255.33926000004
Power,CNOR,Trans:CSUD,2019-04-01 16:00:00,0.0
Power,CNOR,Trans:CSUD,2019-04-01 17:00:00,0.0
Power,CNOR,Trans:CSUD,2019-04-01 18:00:00,0.0
Power,CNOR,Trans:CSUD,2019-04-01 19:00:00,0.0
Power,CNOR,Trans:CSUD,2019-04-01 20:00:00,0.0
Power,CNOR,Trans:CSUD,2019-04-01 21:00:00,0.0
Power,CNOR,Trans:CSUD,2019-04-01 22:00:00,0.0
Power,CNOR,Trans:CSUD,2019-04-01 23:00:00,0.0
Power,CNOR,Trans:CSUD,2019-04-02 00:00:00,0.0
Power,CNOR,Trans:CSUD,2019-04-02 01:00:00,0.0
Power,CNOR,Trans:CSUD,2019-04-02 02:00:00,0.0
Power,CNOR,Trans:CSUD,2019-04-02 03:00:00,0.0
Power,CNOR,Trans:CSUD,2019-04-02 04:00:00,0.0
Power,CNOR,Trans:CSUD,2019-04-02 05:00:00,0.0
Power,CNOR,Trans:CSUD,2019-04-02 06:00:00,0.0
Power,CNOR,Trans:CSUD,2019-04-02 07:00:00,0.0
Power,CNOR,Trans:CSUD,2019-04-02 08:00:00,0.0
Power,CNOR,Trans:CSUD,2019-04-02 09:00:00,-59793.11736000003
Power,CNOR,Trans:CSUD,2019-04-02 10:00:00,0.0
Power,CNOR,Trans:CSUD,2019-04-02 11:00:00,0.0
Power,CNOR,Trans:CSUD,2019-04-02 12:00:00,0.0
Power,CNOR,Trans:CSUD,2019-04-02 13:00:00,0.0
Power,CNOR,Trans:CSUD,2019-04-02 14:00:00,0.0
Power,CNOR,Trans:CSUD,2019-04-02 15:00:00,0.0
Power,CNOR,Trans:CSUD,2019-04-02 16:00:00,0.0
Power,CNOR,Trans:CSUD,2019-04-02 17:00:00,0.0
Power,CNOR,Trans:CSUD,2019-04-02 18:00:00,0.0
Power,CNOR,Trans:CSUD,2019-04-02 19:00:00,0.0
Power,CNOR,Trans:CSUD,2019-04-02 20:00:00,0.0
Power,CNOR,Trans:CSUD,2019-04-02 21:00:00,0.0
Power,CNOR,Trans:CSUD,2019-04-02 22:00:00,0.0
Power,CNOR,Trans:CSUD,2019-04-02 23:00:00,0.0
Power,CNOR,Trans:CSUD,2019-04-03 00:00:00,0.0
Power,CNOR,Trans:CSUD,2019-04-03 01:00:00,0.0
Power,CNOR,Trans:CSUD,2019-04-03 02:00:00,0.0
Power,CNOR,Trans:CSUD,2019-04-03 03:00:00,0.0
Power,CNOR,Trans:CSUD,2019-04-03 04:00:00,0.0
Power,CNOR,Trans:CSUD,2019-04-03 05:00:00,0.0
Power,CNOR,Trans:CSUD,2019-04-03 06:00:00,0.0
Power,CNOR,Trans:CSUD,2019-04-03 07:00:00,0.0
Power,CNOR,Trans:CSUD,2019-04-03 08:00:00,0.0
Power,CNOR,Trans:CSUD,2019-04-03 09:00:00,0.0
Power,CNOR,Trans:CSUD,2019-04-03 10:00:00,0.0
Power,CNOR,Trans:CSUD,2019-04-03 11:00:00,-33646.18283999991
Power,CNOR,Trans:CSUD,2019-04-03 12:00:00,0.0
Power,CNOR,Trans:CSUD,2019-04-03 13:00:00,0.0
Power,CNOR,Trans:CSUD,2019-04-03 14:00:00,0.0
Power,CNOR,Trans:CSUD,2019-04-03 15:00:00,0.0
Power,CNOR,Trans:CSUD,2019-04-03 16:00:00,0.0
Power,CNOR,Trans:CSUD,2019-04-03 17:00:00,0.0
Power,CNOR,Trans:CSUD,2019-04-03 18:00:00,0.0
Power,CNOR,Trans:CSUD,2019-04-03 19:00:00,0.0
Power,CNOR,Trans:CSUD,2019-04-03 20:00:00,0.0
Power,CNOR,Trans:CSUD,2019-04-03 21:00:00,0.0
Power,CNOR,Trans:CSUD,2019-04-03 22:00:00,0.0
Power,CNOR,Trans:CSUD,2019-04-03 23:00:00,0.0
Power,CNOR,Trans:NORD,2019-04-01 00:00:00,0.0
Power,CNOR,Trans:NORD,2019-04-01 01:00:00,0.0
Power,CNOR,Trans:NORD,2019-04-01 02:00:00,0.0
Power,CNOR,Trans:NORD,2019-04-01 03:00:00,0.0
Power,CNOR,Trans:NORD,2019-04-01 04:00:00,0.0
Power,CNOR,Trans:NORD,2019-04-01 05:00:00,0.0
Power,CNOR,Trans:NORD,2019-04-01 06:00:00,0.0
Power,CNOR,Trans:NORD,2019-04-01 07:00:00,0.0
Power,CNOR,Trans:NORD,2019-04-01 08:00:00,0.0
Power,CNOR,Trans:NORD,2019-04-01 09:00:00,-568119.8403074145
Power,CNOR,Trans:NORD,2019-04-01 10:00:00,-1060251.39513
Power,CNOR,Trans:NORD,2019-04-01 11:00:00,-1240780.1397199999
Power,CNOR,Trans:NORD,2019-04-01 12:00:00,-474791.5105050833
Power,CNOR,Trans:NORD,2019-04-01 13:00:00,-80247.39930626267
Power,CNOR,Trans:NORD,2019-04-01 14:00:00,0.0
Power,CNOR,Trans:NORD,2019-04-01 15:00:00,0.0
Power,CNOR,Trans:NORD,2019-04-01 16:00:00,0.0
Power,CNOR,Trans:NORD,2019-04-01 17:00:00,0.0
Power,CNOR,Trans:NORD,2019-04-01 18:00:00,0.0
Power,CNOR,Trans:NORD,2019-04-01 19:00:00,0.0
Power,CNOR,Trans:NORD,2019-04-01 20:00:00,0.0
Power,CNOR,Trans:NORD,2019-04-01 21:00:00,0.0
Power,CNOR,Trans:NORD,2019-04-01 22:00:00,0.0
Power,CNOR,Trans:NORD,2019-04-01 23:00:00,0.0
Power,CNOR,Trans:NORD,2019-04-02 00:00:00,0.0
Power,CNOR,Trans:NORD,2019-04-02 01:00:00,0.0
Power,CNOR,Trans:NORD,2019-04-02 02:00:00,0.0
Power,CNOR,Trans:NORD,2019-04-02 03:00:00,0.0
Power,CNOR,Trans:NORD,2019-04-02 04:00:00,0.0
Power,CNOR,Trans:NORD,2019-04-02 05:00:00,0.0
Power,CNOR,Trans:NORD,2019-04-02 06:00:00,0.0
Power,CNOR,Trans:NORD,2019-04-02 07:00:00,0.0
Power,CNOR,Trans:NORD,2019-04-02 08:00:00,0.0
Power,CNOR,Trans:NORD,2019-04-02 09:00:00,0.0
Power,CNOR,Trans:NORD,2019-04-02 10:00:00,-263814.88951999974
Power,CNOR,Trans:NORD,2019-04-02 11:00:00,-491258.73245
Power,CNOR,Trans:NORD,2019-04-02 12:00:00,-541988.71009
Power,CNOR,Trans:NORD,2019-04-02 13:00:00,-322538.85231
Power,CNOR,Trans:NORD,2019-04-02 14:00:00,-33030.742800000124
Power,CNOR,Trans:NORD,2019-04-02 15:00:00,0.0
Power,CNOR,Trans:NORD,2019-04-02 16:00:00,0.0
Power,CNOR,Trans:NORD,2019-04-02 17:00:00,0.0
Power,CNOR,Trans:NORD,2019-04-02 18:00:00,0.0
Power,CNOR,Trans:NORD,2019-04-02 19:00:00,0.0
Power,CNOR,Trans:NORD,2019-04-02 20:00:00,0.0
Power,CNOR,Trans:NORD,2019-04-02 21:00:00,0.0
Power,CNOR,Trans:NORD,2019-04-02 22:00:00,0.0
Power,CNOR,Trans:NORD,2019-04-02 23:00:00,0.0
Power,CNOR,Trans:NORD,2019-04-03 00:00:00,0.0
Power,CNOR,Trans:NORD,2019-04-03 01:00:00,0.0
Power,CNOR,Trans:NORD,2019-04-03 02:00:00,0.0
Power,CNOR,Trans:NORD,2019-04-03 03:00:00,0.0
Power,CNOR,Trans:NORD,2019-04-03 04:00:00,0.0
Power,CNOR,Trans:NORD,2019-04-03 05:00:00,0.0
Power,CNOR,Trans:NORD,2019-04-03 06:00:00,0.0
Power,CNOR,Trans:NORD,2019-04-03 07:00:00,0.0
Power,CNOR,Trans:NORD,2019-04-03 08:00:00,0.0
Power,CNOR,Trans:NORD,2019-04-03 09:00:00,0.0
Power,CNOR,Trans:NORD,2019-04-03 10:00:00,0.0
Power,CNOR,Trans:NORD,2019-04-03 11:00:00,0.0
Power,CNOR,Trans:NORD,2019-04-03 12:00:00,0.0
Power,CNOR,Trans:NORD,2019-04-03 13:00:00,0.0
Power,CNOR,Trans:NORD,2019-04-03 14:00:00,0.0
Power,CNOR,Trans:NORD,2019-04-03 15:00:00,0.0
Power,CNOR,Trans:NORD,2019-04-03 16:00:00,0.0
Power,CNOR,Trans:NORD,2019-04-03 17:00:00,0.0
Power,CNOR,Trans:NORD,2019-04-03 18:00:00,0.0
Power,CNOR,Trans:NORD,2019-04-03 19:00:00,0.0
Power,CNOR,Trans:NORD,2019-04-03 20:00:00,0.0
Power,CNOR,Trans:NORD,2019-04-03 21:00:00,0.0
Power,CNOR,Trans:NORD,2019-04-03 22:00:00,0.0
Power,CNOR,Trans:NORD,2019-04-03 23:00:00,0.0
Power,CNOR,Trans:SARD,2019-04-01 00:00:00,0.0
Power,CNOR,Trans:SARD,2019-04-01 01:00:00,0.0
Power,CNOR,Trans:SARD,2019-04-01 02:00:00,0.0
Power,CNOR,Trans:SARD,2019-04-01 03:00:00,0.0
Power,CNOR,Trans:SARD,2019-04-01 04:00:00,0.0
Power,CNOR,Trans:SARD,2019-04-01 05:00:00,0.0
Power,CNOR,Trans:SARD,2019-04-01 06:00:00,0.0
Power,CNOR,Trans:SARD,2019-04-01 07:00:00,0.0
Power,CNOR,Trans:SARD,2019-04-01 08:00:00,0.0
Power,CNOR,Trans:SARD,2019-04-01 09:00:00,0.0
Power,CNOR,Trans:SARD,2019-04-01 10:00:00,0.0
Power,CNOR,Trans:SARD,2019-04-01 11:00:00,0.0
Power,CNOR,Trans:SARD,2019-04-01 12:00:00,0.0
Power,CNOR,Trans:SARD,2019-04-01 13:00:00,0.0
Power,CNOR,Trans:SARD,2019-04-01 14:00:00,0.0
Power,CNOR,Trans:SARD,2019-04-01 15:00:00,0.0
Power,CNOR,Trans:SARD,2019-04-01 16:00:00,0.0
Power,CNOR,Trans:SARD,2019-04-01 17:00:00,0.0
Power,CNOR,Trans:SARD,2019-04-01 18:00:00,0.0
Power,CNOR,Trans:SARD,2019-04-01 19:00:00,0.0
Power,CNOR,Trans:SARD,2019-04-01 20:00:00,0.0
Power,CNOR,Trans:SARD,2019-04-01 21:00:00,0.0
Power,CNOR,Trans:SARD,2019-04-01 22:00:00,0.0
Power,CNOR,Trans:SARD,2019-04-01 23:00:00,0.0
Power,CNOR,Trans:SARD,2019-04-02 00:00:00,0.0
Power,CNOR,Trans:SARD,2019-04-02 01:00:00,0.0
Power,CNOR,Trans:SARD,2019-04-02 02:00:00,0.0
Power,CNOR,Trans:SARD,2019-04-02 03:00:00,0.0
Power,CNOR,Trans:SARD,2019-04-02 04:00:00,0.0
Power,CNOR,Trans:SARD,2019-04-02 05:00:00,0.0
Power,CNOR,Trans:SARD,2019-04-02 06:00:00,0.0
Power,CNOR,Trans:SARD,2019-04-02 07:00:00,0.0
Power,CNOR,Trans:SARD,2019-04-02 08:00:00,0.0
Power,CNOR,Trans:SARD,2019-04-02 09:00:00,0.0
Power,CNOR,Trans:SARD,2019-04-02 10:00:00,0.0
Power,CNOR,Trans:SARD,2019-04-02 11:00:00,0.0
Power,CNOR,Trans:SARD,2019-04-02 12:00:00,0.0
Power,CNOR,Trans:SARD,2019-04-02 13:00:00,0.0
Power,CNOR,Trans:SARD,2019-04-02 14:00:00,0.0
Power,CNOR,Trans:SARD,2019-04-02 15:00:00,0.0
Power,CNOR,Trans:SARD,2019-04-02 16:00:00,0.0
Power,CNOR,Trans:SARD,2019-04-02 17:00:00,0.0
Power,CNOR,Trans:SARD,2019-04-02 18:00:00,0.0
Power,CNOR,Trans:SARD,2019-04-02 19:00:00,0.0
Power,CNOR,Trans:SARD,2019-04-02 20:00:00,0.0
Power,CNOR,Trans:SARD,2019-04-02 21:00:00,0.0
Power,CNOR,Trans:SARD,2019-04-02 22:00:00,0.0
Power,CNOR,Trans:SARD,2019-04-02 23:00:00,0.0
Power,CNOR,Trans:SARD,2019-04-03 00:00:00,0.0
Power,CNOR,Trans:SARD,2019-04-03 01:00:00,0.0
Power,CNOR,Trans:SARD,2019-04-03 02:00:00,0.0
Power,CNOR,Trans:SARD,2019-04-03 03:00:00,0.0
Power,CNOR,Trans:SARD,2019-04-03 04:00:00,0.0
Power,CNOR,Trans:SARD,2019-04-03 05:00:00,0.0
Power,CNOR,Trans:SARD,2019-04-03 06:00:00,0.0
Power,CNOR,Trans:SARD,2019-04-03 07:00:00,0.0
Power,CNOR,Trans:SARD,2019-04-03 08:00:00,0.0
Power,CNOR,Trans:SARD,2019-04-03 09:00:00,0.0
Power,CNOR,Trans:SARD,2019-04-03 10:00:00,0.0
Power,CNOR,Trans:SARD,2019-04-03 11:00:00,0.0
Power,CNOR,Trans:SARD,2019-04-03 12:00:00,0.0
Power,CNOR,Trans:SARD,2019-04-03 13:00:00,0.0
Power,CNOR,Trans:SARD,2019-04-03 14:00:00,0.0
Power,CNOR,Trans:SARD,2019-04-03 15:00:00,0.0
Power,CNOR,Trans:SARD,2019-04-03 16:00:00,0.0
Power,CNOR,Trans:SARD,2019-04-03 17:00:00,0.0
Power,CNOR,Trans:SARD,2019-04-03 18:00:00,0.0
Power,CNOR,Trans:SARD,2019-04-03 19:00:00,0.0
Power,CNOR,Trans:SARD,2019-04-03 20:00:00,0.0
Power,CNOR,Trans:SARD,2019-04-03 21:00:00,0.0
Power,CNOR,Trans:SARD,2019-04-03 22:00:00,0.0
Power,CNOR,Trans:SARD,2019-04-03 23:00:00,0.0
Power,CNOR,demand_power,2019-04-01 00:00:00,-2305152.25
Power,CNOR,demand_power,2019-04-01 01:00:00,-2250101.75
Power,CNOR,demand_power,2019-04-01 02:00:00,-2235495.75
Power,CNOR,demand_power,2019-04-01 03:00:00,-2191490.25
Power,CNOR,demand_power,2019-04-01 04:00:00,-2211958.5
Power,CNOR,demand_power,2019-04-01 05:00:00,-2345200.5
Power,CNOR,demand_power,2019-04-01 06:00:00,-2537346.0
Power,CNOR,demand_power,2019-04-01 07:00:00,-2912242.0
Power,CNOR,demand_power,2019-04-01 08:00:00,-3235953.25
Power,CNOR,demand_power,2019-04-01 09:00:00,-3051191.25
Power,CNOR,demand_power,2019-04-01 10:00:00,-2857346.5
Power,CNOR,demand_power,2019-04-01 11:00:00,-2766288.5
Power,CNOR,demand_power,2019-04-01 12:00:00,-2720939.5
Power,CNOR,demand_power,2019-04-01 13:00:00,-2678179.0
Power,CNOR,demand_power,2019-04-01 14:00:00,-2738123.25
Power,CNOR,demand_power,2019-04-01 15:00:00,-2799714.25
Power,CNOR,demand_power,2019-04-01 16:00:00,-2731040.0
Power,CNOR,demand_power,2019-04-01 17:00:00,-2600355.5
Power,CNOR,demand_power,2019-04-01 18:00:00,-2782845.25
Power,CNOR,demand_power,2019-04-01 19:00:00,-2831160.25
Power,CNOR,demand_power,2019-04-01 20:00:00,-2612167.5
Power,CNOR,demand_power,2019-04-01 21:00:00,-2412060.5
Power,CNOR,demand_power,2019-04-01 22:00:00,-2238476.0
Power,CNOR,demand_power,2019-04-01 23:00:00,-2051895.25
Power,CNOR,demand_power,2019-04-02 00:00:00,-1945142.25
Power,CNOR,demand_power,2019-04-02 01:00:00,-1879028.25
Power,CNOR,demand_power,2019-04-02 02:00:00,-1865929.0
Power,CNOR,demand_power,2019-04-02 03:00:00,-1858223.5
Power,CNOR,demand_power,2019-04-02 04:00:00,-1884364.25
Power,CNOR,demand_power,2019-04-02 05:00:00,-1951711.5
Power,CNOR,demand_power,2019-04-02 06:00:00,-2026660.5
Power,CNOR,demand_power,2019-04-02 07:00:00,-2227296.5
Power,CNOR,demand_power,2019-04-02 08:00:00,-2347538.5
Power,CNOR,demand_power,2019-04-02 09:00:00,-2398344.25
Power,CNOR,demand_power,2019-04-02 10:00:00,-2358236.5
Power,CNOR,demand_power,2019-04-02 11:00:00,-2260107.25
Power,CNOR,demand_power,2019-04-02 12:00:00,-2233253.25
Power,CNOR,demand_power,2019-04-02 13:00:00,-2301664.0
Power,CNOR,demand_power,2019-04-02 14:00:00,-2415792.0
Power,CNOR,demand_power,2019-04-02 15:00:00,-2441791.75
Power,CNOR,demand_power,2019-04-02 16:00:00,-2349586.0
Power,CNOR,demand_power,2019-04-02 17:00:00,-2371784.75
Power,CNOR,demand_power,2019-04-02 18:00:00,-2641879.25
Power,CNOR,demand_power,2019-04-02 19:00:00,-2769645.25
Power,CNOR,demand_power,2019-04-02 20:00:00,-2654392.0
Power,CNOR,demand_power,2019-04-02 21:00:00,-2460512.25
Power,CNOR,demand_power,2019-04-02 22:00:00,-2221130.25
Power,CNOR,demand_power,2019-04-02 23:00:00,-2041984.25
Power,CNOR,demand_power,2019-04-03 00:00:00,-2041152.75
Power,CNOR,demand_power,2019-04-03 01:00:00,-2011712.0
Power,CNOR,demand_power,2019-04-03 02:00:00,-2076436.75
Power,CNOR,demand_power,2019-04-03 03:00:00,-2176713.25
Power,CNOR,demand_power,2019-04-03 04:00:00,-2351582.5
Power,CNOR,demand_power,2019-04-03 05:00:00,-2813663.25
Power,CNOR,demand_power,2019-04-03 06:00:00,-3307697.0
Power,CNOR,demand_power,2019-04-03 07:00:00,-3964246.0
Power,CNOR,demand_power,2019-04-03 08:00:00,-4258293.75
Power,CNOR,demand_power,2019-04-03 09:00:00,-4253722.25
Power,CNOR,demand_power,2019-04-03 10:00:00,-4113771.75
Power,CNOR,demand_power,2019-04-03 11:00:00,-3846258.25
Power,CNOR,demand_power,2019-04-03 12:00:00,-3737290.0
Power,CNOR,demand_power,2019-04-03 13:00:00,-3861386.75
Power,CNOR,demand_power,2019-04-03 14:00:00,-3875241.25
Power,CNOR,demand_power,2019-04-03 15:00:00,-3822078.5
Power,CNOR,demand_power,2019-04-03 16:00:00,-3665631.0
Power,CNOR,demand_power,2019-04-03 17:00:00,-3499464.25
Power,CNOR,demand_power,2019-04-03 18:00:00,-3501849.75
Power,CNOR,demand_power,2019-04-03 19:00:00,-3548855.75
Power,CNOR,demand_power,2019-04-03 20:00:00,-3291969.0
Power,CNOR,demand_power,2019-04-03 21:00:00,-2980222.25
Power,CNOR,demand_power,2019-04-03 22:00:00,-2721003.5
Power,CNOR,demand_power,2019-04-03 23:00:00,-2494176.75
Power,CSUD,Trans:CNOR,2019-04-01 00:00:00,0.0
Power,CSUD,Trans:CNOR,2019-04-01 01:00:00,0.0
Power,CSUD,Trans:CNOR,2019-04-01 02:00:00,0.0
Power,CSUD,Trans:CNOR,2019-04-01 03:00:00,0.0
Power,CSUD,Trans:CNOR,2019-04-01 04:00:00,0.0
Power,CSUD,Trans:CNOR,2019-04-01 05:00:00,0.0
Power,CSUD,Trans:CNOR,2019-04-01 06:00:00,0.0
Power,CSUD,Trans:CNOR,2019-04-01 07:00:00,0.0
Power,CSUD,Trans:CNOR,2019-04-01 08:00:00,0.0
Power,CSUD,Trans:CNOR,2019-04-01 09:00:00,0.0
Power,CSUD,Trans:CNOR,2019-04-01 10:00:00,0.0
Power,CSUD,Trans:CNOR,2019-04-01 11:00:00,0.0
Power,CSUD,Trans:CNOR,2019-04-01 12:00:00,0.0
Power,CSUD,Trans:CNOR,2019-04-01 13:00:00,0.0
Power,CSUD,Trans:CNOR,2019-04-01 14:00:00,0.0
Power,CSUD,Trans:CNOR,2019-04-01 15:00:00,0.0
Power,CSUD,Trans:CNOR,2019-04-01 16:00:00,0.0
Power,CSUD,Trans:CNOR,2019-04-01 17:00:00,0.0
Power,CSUD,Trans:CNOR,2019-04-01 18:00:00,0.0
Power,CSUD,Trans:CNOR,2019-04-01 19:00:00,0.0
Power,CSUD,Trans:CNOR,2019-04-01 20:00:00,0.0
Power,CSUD,Trans:CNOR,2019-04-01 21:00:00,0.0
Power,CSUD,Trans:CNOR,2019-04-01 22:00:00,0.0
Power,CSUD,Trans:CNOR,2019-04-01 23:00:00,0.0
Power,CSUD,Trans:CNOR,2019-04-02 00:00:00,0.0
Power,CSUD,Trans:CNOR,2019-04-02 01:00:00,0.0
Power,CSUD,Trans:CNOR,2019-04-02 02:00:00,0.0
Power,CSUD,Trans:CNOR,2019-04-02 03:00:00,0.0
Power,CSUD,Trans:CNOR,2019-04-02 04:00:00,0.0
Power,CSUD,Trans:CNOR,2019-04-02 05:00:00,0.0
Power,CSUD,Trans:CNOR,2019-04-02 06:00:00,0.0
Power,CSUD,Trans:CNOR,2019-04-02 07:00:00,0.0
Power,CSUD,Trans:CNOR,2019-04-02 08:00:00,0.0
Power,CSUD,Trans:CNOR,2019-04-02 09:00:00,0.0
Power,CSUD,Trans:CNOR,2019-04-02 10:00:00,0.0
Power,CSUD,Trans:CNOR,2019-04-02 11:00:00,0.0
Power,CSUD,Trans:CNOR,2019-04-02 12:00:00,0.0
Power,CSUD,Trans:CNOR,2019-04-02 13:00:00,0.0
Power,CSUD,Trans:CNOR,2019-04-02 14:00:00,0.0
Power,CSUD,Trans:CNOR,2019-04-02 15:00:00,0.0
Power,CSUD,Trans:CNOR,2019-04-02 16:00:00,0.0
Power,CSUD,Trans:CNOR,2019-04-02 17:00:00,0.0
Power,CSUD,Trans:CNOR,2019-04-02 18:00:00,0.0
Power,CSUD,Trans:CNOR,2019-04-02 19:00:00,0.0
Power,CSUD,Trans:CNOR,2019-04-02 20:00:00,0.0
Power,CSUD,Trans:CNOR,2019-04-02 21:00:00,0.0
Power,CSUD,Trans:CNOR,2019-04-02 22:00:00,0.0
Power,CSUD,Trans:CNOR,2019-04-02 23:00:00,0.0
Power,CSUD,Trans:CNOR,2019-04-03 00:00:00,0.0
Power,CSUD,Trans:CNOR,2019-04-03 01:00:00,0.0
Power,CSUD,Trans:CNOR,2019-04-03 02:00:00,0.0
Power,CSUD,Trans:CNOR,2019-04-03 03:00:00,0.0
Power,CSUD,Trans:CNOR,2019-04-03 04:00:00,0.0
Power,CSUD,Trans:CNOR,2019-04-03 05:00:00,0.0
Power,CSUD,Trans:CNOR,2019-04-03 06:00:00,0.0
Power,CSUD,Trans:CNOR,2019-04-03 07:00:00,0.0
Power,CSUD,Trans:CNOR,2019-04-03 08:00:00,0.0
Power,CSUD,Trans:CNOR,2019-04-03 09:00:00,0.0
Power,CSUD,Trans:CNOR,2019-04-03 10:00:00,0.0
Power,CSUD,Trans:CNOR,2019-04-03 11:00:00,0.0
Power,CSUD,Trans:CNOR,2019-04-03 12:00:00,0.0
Power,CSUD,Trans:CNOR,2019-04-03 13:00:00,0.0
Power,CSUD,Trans:CNOR,2019-04-03 14:00:00,0.0
Power,CSUD,Trans:CNOR,2019-04-03 15:00:00,0.0
Power,CSUD,Trans:CNOR,2019-04-03 16:00:00,0.0
Power,CSUD,Trans:CNOR,2019-04-03 17:00:00,0.0
Power,CSUD,Trans:CNOR,2019-04-03 18:00:00,0.0
Power,CSUD,Trans:CNOR,2019-04-03 19:00:00,0.0
Power,CSUD,Trans:CNOR,2019-04-03 20:00:00,0.0
Power,CSUD,Trans:CNOR,2019-04-03 21:00:00,0.0
Power,CSUD,Trans:CNOR,2019-04-03 22:00:00,0.0
Power,CSUD,Trans:CNOR,2019-04-03 23:00:00,0.0
Power,CSUD,Trans:SARD,2019-04-01 00:00:00,0.0
Power,CSUD,Trans:SARD,2019-04-01 01:00:00,0.0
Power,CSUD,Trans:SARD,2019-04-01 02:00:00,0.0
Power,CSUD,Trans:SARD,2019-04-01 03:00:00,0.0
Power,CSUD,Trans:SARD,2019-04-01 04:00:00,0.0
Power,CSUD,Trans:SARD,2019-04-01 05:00:00,0.0
Power,CSUD,Trans:SARD,2019-04-01 06:00:00,0.0
Power,CSUD,Trans:SARD,2019-04-01 07:00:00,0.0
Power,CSUD,Trans:SARD,2019-04-01 08:00:00,0.0
Power,CSUD,Trans:SARD,2019-04-01 09:00:00,0.0
Power,CSUD,Trans:SARD,2019-04-01 10:00:00,0.0
Power,CSUD,Trans:SARD,2019-04-01 11:00:00,0.0
Power,CSUD,Trans:SARD,2019-04-01 12:00:00,0.0
Power,CSUD,Trans:SARD,2019-04-01 13:00:00,0.0
Power,CSUD,Trans:SARD,2019-04-01 14:00:00,0.0
Power,CSUD,Trans:SARD,2019-04-01 15:00:00,0.0
Power,CSUD,Trans:SARD,2019-04-01 16:00:00,0.0
Power,CSUD,Trans:SARD,2019-04-01 17:00:00,0.0
Power,CSUD,Trans:SARD,2019-04-01 18:00:00,0.0
Power,CSUD,Trans:SARD,2019-04-01 19:00:00,0.0
Power,CSUD,Trans:SARD,2019-04-01 20:00:00,0.0
Power,CSUD,Trans:SARD,2019-04-01 21:00:00,0.0
Power,CSUD,Trans:SARD,2019-04-01 22:00:00,0.0
Power,CSUD,Trans:SARD,2019-04-01 23:00:00,0.0
Power,CSUD,Trans:SARD,2019-04-02 00:00:00,0.0
Power,CSUD,Trans:SARD,2019-04-02 01:00:00,0.0
Power,CSUD,Trans:SARD,2019-04-02 02:00:00,0.0
Power,CSUD,Trans:SARD,2019-04-02 03:00:00,0.0
Power,CSUD,Trans:SARD,2019-04-02 04:00:00,0.0
Power,CSUD,Trans:SARD,2019-04-02 05:00:00,0.0
Power,CSUD,Trans:SARD,2019-04-02 06:00:00,0.0
Power,CSUD,Trans:SARD,2019-04-02 07:00:00,0.0
Power,CSUD,Trans:SARD,2019-04-02 08:00:00,0.0
Power,CSUD,Trans:SARD,2019-04-02 09:00:00,0.0
Power,CSUD,Trans:SARD,2019-04-02 10:00:00,0.0
Power,CSUD,Trans:SARD,2019-04-02 11:00:00,0.0
Power,CSUD,Trans:SARD,2019-04-02 12:00:00,0.0
Power,CSUD,Trans:SARD,2019-04-02 13:00:00,0.0
Power,CSUD,Trans:SARD,2019-04-02 14:00:00,0.0
Power,CSUD,Trans:SARD,2019-04-02 15:00:00,0.0
Power,CSUD,Trans:SARD,2019-04-02 16:00:00,0.0
Power,CSUD,Trans:SARD,2019-04-02 17:00:00,0.0
Power,CSUD,Trans:SARD,2019-04-02 18:00:00,0.0
Power,CSUD,Trans:SARD,2019-04-02 19:00:00,0.0
Power,CSUD,Trans:SARD,2019-04-02 20:00:00,0.0
Power,CSUD,Trans:SARD,2019-04-02 21:00:00,0.0
Power,CSUD,Trans:SARD,2019-04-02 22:00:00,0.0
Power,CSUD,Trans:SARD,2019-04-02 23:00:00,0.0
Power,CSUD,Trans:SARD,2019-04-03 00:00:00,0.0
Power,CSUD,Trans:SARD,2019-04-03 01:00:00,0.0
Power,CSUD,Trans:SARD,2019-04-03 02:00:00,0.0
Power,CSUD,Trans:SARD,2019-04-03 03:00:00,0.0
Power,CSUD,Trans:SARD,2019-04-03 04:00:00,0.0
Power,CSUD,Trans:SARD,2019-04-03 05:00:00,0.0
Power,CSUD,Trans:SARD,2019-04-03 06:00:00,0.0
Power,CSUD,Trans:SARD,2019-04-03 07:00:00,0.0
Power,CSUD,Trans:SARD,2019-04-03 08:00:00,0.0
Power,CSUD,Trans:SARD,2019-04-03 09:00:00,0.0
Power,CSUD,Trans:SARD,2019-04-03 10:00:00,0.0
Power,CSUD,Trans:SARD,2019-04-03 11:00:00,0.0
Power,CSUD,Trans:SARD,2019-04-03 12:00:00,0.0
Power,CSUD,Trans:SARD,2019-04-03 13:00:00,0.0
Power,CSUD,Trans:SARD,2019-04-03 14:00:00,0.0
Power,CSUD,Trans:SARD,2019-04-03 15:00:00,0.0
Power,CSUD,Trans:SARD,2019-04-03 16:00:00,0.0
Power,CSUD,Trans:SARD,2019-04-03 17:00:00,0.0
Power,CSUD,Trans:SARD,2019-04-03 18:00:00,0.0
Power,CSUD,Trans:SARD,2019-04-03 19:00:00,0.0
Power,CSUD,Trans:SARD,2019-04-03 20:00:00,0.0
Power,CSUD,Trans:SARD,2019-04-03 21:00:00,0.0
Power,CSUD,Trans:SARD,2019-04-03 22:00:00,0.0
Power,CSUD,Trans:SARD,2019-04-03 23:00:00,0.0
Power,CSUD,Trans:SUD,2019-04-01 00:00:00,0.0
Power,CSUD,Trans:SUD,2019-04-01 01:00:00,0.0
Power,CSUD,Trans:SUD,2019-04-01 02:00:00,0.0
Power,CSUD,Trans:SUD,2019-04-01 03:00:00,0.0
Power,CSUD,Trans:SUD,2019-04-01 04:00:00,0.0
Power,CSUD,Trans:SUD,2019-04-01 05:00:00,0.0
Power,CSUD,Trans:SUD,2019-04-01 06:00:00,0.0
Power,CSUD,Trans:SUD,2019-04-01 07:00:00,0.0
Power,CSUD,Trans:SUD,2019-04-01 08:00:00,0.0
Power,CSUD,Trans:SUD,2019-04-01 09:00:00,0.0
Power,CSUD,Trans:SUD,2019-04-01 10:00:00,0.0
Power,CSUD,Trans:SUD,2019-04-01 11:00:00,0.0
Power,CSUD,Trans:SUD,2019-04-01 12:00:00,0.0
Power,CSUD,Trans:SUD,2019-04-01 13:00:00,0.0
Power,CSUD,Trans:SUD,2019-04-01 14:00:00,0.0
Power,CSUD,Trans:SUD,2019-04-01 15:00:00,0.0
Power,CSUD,Trans:SUD,2019-04-01 16:00:00,0.0
Power,CSUD,Trans:SUD,2019-04-01 17:00:00,0.0
Power,CSUD,Trans:SUD,2019-04-01 18:00:00,0.0
Power,CSUD,Trans:SUD,2019-04-01 19:00:00,0.0
Power,CSUD,Trans:SUD,2019-04-01 20:00:00,0.0
Power,CSUD,Trans:SUD,2019-04-01 21:00:00,0.0
Power,CSUD,Trans:SUD,2019-04-01 22:00:00,0.0
Power,CSUD,Trans:SUD,2019-04-01 23:00:00,0.0
Power,CSUD,Trans:SUD,2019-04-02 00:00:00,0.0
Power,CSUD,Trans:SUD,2019-04-02 01:00:00,0.0
Power,CSUD,Trans:SUD,2019-04-02 02:00:00,0.0
Power,CSUD,Trans:SUD,2019-04-02 03:00:00,0.0
Power,CSUD,Trans:SUD,2019-04-02 04:00:00,0.0
Power,CSUD,Trans:SUD,2019-04-02 05:00:00,0.0
Power,CSUD,Trans:SUD,2019-04-02 06:00:00,0.0
Power,CSUD,Trans:SUD,2019-04-02 07:00:00,0.0
Power,CSUD,Trans:SUD,2019-04-02 08:00:00,0.0
Power,CSUD,Trans:SUD,2019-04-02 09:00:00,0.0
Power,CSUD,Trans:SUD,2019-04-02 10:00:00,0.0
Power,CSUD,Trans:SUD,2019-04-02 11:00:00,0.0
Power,CSUD,Trans:SUD,2019-04-02 12:00:00,0.0
Power,CSUD,Trans:SUD,2019-04-02 13:00:00,0.0
Power,CSUD,Trans:SUD,2019-04-02 14:00:00,0.0
Power,CSUD,Trans:SUD,2019-04-02 15:00:00,0.0
Power,CSUD,Trans:SUD,2019-04-02 16:00:00,0.0
Power,CSUD,Trans:SUD,2019-04-02 17:00:00,0.0
Power,CSUD,Trans:SUD,2019-04-02 18:00:00,0.0
Power,CSUD,Trans:SUD,2019-04-02 19:00:00,0.0
Power,CSUD,Trans:SUD,2019-04-02 20:00:00,0.0
Power,CSUD,Trans:SUD,2019-04-02 21:00:00,0.0
Power,CSUD,Trans:SUD,2019-04-02 22:00:00,0.0
Power,CSUD,Trans:SUD,2019-04-02 23:00:00,0.0
Power,CSUD,Trans:SUD,2019-04-03 00:00:00,0.0
Power,CSUD,Trans:SUD,2019-04-03 01:00:00,0.0
Power,CSUD,Trans:SUD,2019-04-03 02:00:00,0.0
Power,CSUD,Trans:SUD,2019-04-03 03:00:00,0.0
Power,CSUD,Trans:SUD,2019-04-03 04:00:00,0.0
Power,CSUD,Trans:SUD,2019-04-03 05:00:00,0.0
Power,CSUD,Trans:SUD,2019-04-03 06:00:00,0.0
Power,CSUD,Trans:SUD,2019-04-03 07:00:00,0.0
Power,CSUD,Trans:SUD,2019-04-03 08:00:00,0.0
Power,CSUD,Trans:SUD,2019-04-03 09:00:00,0.0
Power,CSUD,Trans:SUD,2019-04-03 10:00:00,0.0
Power,CSUD,Trans:SUD,2019-04-03 11:00:00,0.0
Power,CSUD,Trans:SUD,2019-04-03 12:00:00,0.0
Power,CSUD,Trans:SUD,2019-04-03 13:00:00,0.0
Power,CSUD,Trans:SUD,2019-04-03 14:00:00,0.0
Power,CSUD,Trans:SUD,2019-04-03 15:00:00,0.0
Power,CSUD,Trans:SUD,2019-04-03 16:00:00,0.0
Power,CSUD,Trans:SUD,2019-04-03 17:00:00,0.0
Power,CSUD,Trans:SUD,2019-04-03 18:00:00,0.0
Power,CSUD,Trans:SUD,2019-04-03 19:00:00,0.0
Power,CSUD,Trans:SUD,2019-04-03 20:00:00,0.0
Power,CSUD,Trans:SUD,2019-04-03 21:00:00,0.0
Power,CSUD,Trans:SUD,2019-04-03 22:00:00,0.0
Power,CSUD,Trans:SUD,2019-04-03 23:00:00,0.0
Power,CSUD,demand_power,2019-04-01 00:00:00,-4763060.25
Power,CSUD,demand_power,2019-04-01 01:00:00,-4482475.25
Power,CSUD,demand_power,2019-04-01 02:00:00,-4299172.25
Power,CSUD,demand_power,2019-04-01 03:00:00,-4261157.0
Power,CSUD,demand_power,2019-04-01 04:00:00,-4393522.0
Power,CSUD,demand_power,2019-04-01 05:00:00,-4875192.0
Power,CSUD,demand_power,2019-04-01 06:00:00,-5223603.75
Power,CSUD,demand_power,2019-04-01 07:00:00,-5878430.75
Power,CSUD,demand_power,2019-04-01 08:00:00,-6276915.5
Power,CSUD,demand_power,2019-04-01 09:00:00,-5970486.5
Power,CSUD,demand_power,2019-04-01 10:00:00,-5782583.0
Power,CSUD,demand_power,2019-04-01 11:00:00,-5633251.0
Power,CSUD,demand_power,2019-04-01 12:00:00,-5618710.0
Power,CSUD,demand_power,2019-04-01 13:00:00,-5538608.5
Power,CSUD,demand_power,2019-04-01 14:00:00,-5613226.0
Power,CSUD,demand_power,2019-04-01 15:00:00,-5723422.0
Power,CSUD,demand_power,2019-04-01 16:00:00,-5704138.0
Power,CSUD,demand_power,2019-04-01 17:00:00,-5610521.0
Power,CSUD,demand_power,2019-04-01 18:00:00,-6054280.25
Power,CSUD,demand_power,2019-04-01 19:00:00,-6126158.0
Power,CSUD,demand_power,2019-04-01 20:00:00,-5674624.75
Power,CSUD,demand_power,2019-04-01 21:00:00,-5225871.75
Power,CSUD,demand_power,2019-04-01 22:00:00,-5148600.25
Power,CSUD,demand_power,2019-04-01 23:00:00,-4755364.25
Power,CSUD,demand_power,2019-04-02 00:00:00,-4461288.5
Power,CSUD,demand_power,2019-04-02 01:00:00,-4019238.75
Power,CSUD,demand_power,2019-04-02 02:00:00,-3852495.5
Power,CSUD,demand_power,2019-04-02 03:00:00,-3888568.25
Power,CSUD,demand_power,2019-04-02 04:00:00,-3979768.5
Power,CSUD,demand_power,2019-04-02 05:00:00,-4146840.5
Power,CSUD,demand_power,2019-04-02 06:00:00,-4425406.25
Power,CSUD,demand_power,2019-04-02 07:00:00,-4958643.5
Power,CSUD,demand_power,2019-04-02 08:00:00,-5236728.25
Power,CSUD,demand_power,2019-04-02 09:00:00,-5412353.25
Power,CSUD,demand_power,2019-04-02 10:00:00,-5302119.5
Power,CSUD,demand_power,2019-04-02 11:00:00,-5292655.25
Power,CSUD,demand_power,2019-04-02 12:00:00,-5142257.5
Power,CSUD,demand_power,2019-04-02 13:00:00,-4933449.0
Power,CSUD,demand_power,2019-04-02 14:00:00,-5168144.5
Power,CSUD,demand_power,2019-04-02 15:00:00,-5440717.25
Power,CSUD,demand_power,2019-04-02 16:00:00,-5708564.25
Power,CSUD,demand_power,2019-04-02 17:00:00,-5858769.0
Power,CSUD,demand_power,2019-04-02 18:00:00,-6313863.0
Power,CSUD,demand_power,2019-04-02 19:00:00,-6389276.75
Power,CSUD,demand_power,2019-04-02 20:00:00,-6096482.5
Power,CSUD,demand_power,2019-04-02 21:00:00,-5704868.5
Power,CSUD,demand_power,2019-04-02 22:00:00,-5282639.75
Power,CSUD,demand_power,2019-04-02 23:00:00,-4728194.75
Power,CSUD,demand_power,2019-04-03 00:00:00,-4496839.25
Power,CSUD,demand_power,2019-04-03 01:00:00,-4359066.25
Power,CSUD,demand_power,2019-04-03 02:00:00,-4378789.0
Power,CSUD,demand_power,2019-04-03 03:00:00,-4424184.25
Power,CSUD,demand_power,2019-04-03 04:00:00,-4759339.75
Power,CSUD,demand_power,2019-04-03 05:00:00,-5672136.0
Power,CSUD,demand_power,2019-04-03 06:00:00,-6563863.75
Power,CSUD,demand_power,2019-04-03 07:00:00,-7735202.75
Power,CSUD,demand_power,2019-04-03 08:00:00,-8206612.25
Power,CSUD,demand_power,2019-04-03 09:00:00,-8375455.0
Power,CSUD,demand_power,2019-04-03 10:00:00,-8137743.25
Power,CSUD,demand_power,2019-04-03 11:00:00,-7715340.0
Power,CSUD,demand_power,2019-04-03 12:00:00,-7447295.0
Power,CSUD,demand_power,2019-04-03 13:00:00,-7251469.5
Power,CSUD,demand_power,2019-04-03 14:00:00,-7235352.5
Power,CSUD,demand_power,2019-04-03 15:00:00,-7312025.0
Power,CSUD,demand_power,2019-04-03 16:00:00,-7182987.5
Power,CSUD,demand_power,2019-04-03 17:00:00,-7055463.25
Power,CSUD,demand_power,2019-04-03 18:00:00,-7205245.25
Power,CSUD,demand_power,2019-04-03 19:00:00,-7561151.5
Power,CSUD,demand_power,2019-04-03 20:00:00,-7168465.5
Power,CSUD,demand_power,2019-04-03 21:00:00,-6589923.75
Power,CSUD,demand_power,2019-04-03 22:00:00,-6034186.0
Power,CSUD,demand_power,2019-04-03 23:00:00,-5336871.5
Power,NORD,Trans:CNOR,2019-04-01 00:00:00,0.0
Power,NORD,Trans:CNOR,2019-04-01 01:00:00,0.0
Power,NORD,Trans:CNOR,2019-04-01 02:00:00,0.0
Power,NORD,Trans:CNOR,2019-04-01 03:00:00,0.0
Power,NORD,Trans:CNOR,2019-04-01 04:00:00,0.0
Power,NORD,Trans:CNOR,2019-04-01 05:00:00,0.0
Power,NORD,Trans:CNOR,2019-04-01 06:00:00,0.0
Power,NORD,Trans:CNOR,2019-04-01 07:00:00,0.0
Power,NORD,Trans:CNOR,2019-04-01 08:00:00,0.0
Power,NORD,Trans:CNOR,2019-04-01 09:00:00,0.0
Power,NORD,Trans:CNOR,2019-04-01 10:00:00,0.0
Power,NORD,Trans:CNOR,2019-04-01 11:00:00,0.0
Power,NORD,Trans:CNOR,2019-04-01 12:00:00,0.0
Power,NORD,Trans:CNOR,2019-04-01 13:00:00,0.0
Power,NORD,Trans:CNOR,2019-04-01 14:00:00,0.0
Power,NORD,Trans:CNOR,2019-04-01 15:00:00,0.0
Power,NORD,Trans:CNOR,2019-04-01 16:00:00,0.0
Power,NORD,Trans:CNOR,2019-04-01 17:00:00,0.0
Power,NORD,Trans:CNOR,2019-04-01 18:00:00,0.0
Power,NORD,Trans:CNOR,2019-04-01 19:00:00,0.0
Power,NORD,Trans:CNOR,2019-04-01 20:00:00,0.0
Power,NORD,Trans:CNOR,2019-04-01 21:00:00,0.0
Power,NORD,Trans:CNOR,2019-04-01 22:00:00,0.0
Power,NORD,Trans:CNOR,2019-04-01 23:00:00,0.0
Power,NORD,Trans:CNOR,2019-04-02 00:00:00,0.0
Power,NORD,Trans:CNOR,2019-04-02 01:00:00,0.0
Power,NORD,Trans:CNOR,2019-04-02 02:00:00,0.0
Power,NORD,Trans:CNOR,2019-04-02 03:00:00,0.0
Power,NORD,Trans:CNOR,2019-04-02 04:00:00,0.0
Power,NORD,Trans:CNOR,2019-04-02 05:00:00,0.0
Power,NORD,Trans:CNOR,2019-04-02 06:00:00,0.0
Power,NORD,Trans:CNOR,2019-04-02 07:00:00,0.0
Power,NORD,Trans:CNOR,2019-04-02 08:00:00,0.0
Power,NORD,Trans:CNOR,2019-04-02 09:00:00,0.0
Power,NORD,Trans:CNOR,2019-04-02 10:00:00,0.0
Power,NORD,Trans:CNOR,2019-04-02 11:00:00,0.0
Power,NORD,Trans:CNOR,2019-04-02 12:00:00,0.0
Power,NORD,Trans:CNOR,2019-04-02 13:00:00,0.0
Power,NORD,Trans:CNOR,2019-04-02 14:00:00,0.0
Power,NORD,Trans:CNOR,2019-04-02 15:00:00,0.0
Power,NORD,Trans:CNOR,2019-04-02 16:00:00,0.0
Power,NORD,Trans:CNOR,2019-04-02 17:00:00,0.0
Power,NORD,Trans:CNOR,2019-04-02 18:00:00,0.0
Power,NORD,Trans:CNOR,2019-04-02 19:00:00,0.0
Power,NORD,Trans:CNOR,2019-04-02 20:00:00,0.0
Power,NORD,Trans:CNOR,2019-04-02 21:00:00,0.0
Power,NORD,Trans:CNOR,2019-04-02 22:00:00,0.0
Power,NORD,Trans:CNOR,2019-04-02 23:00:00,0.0
Power,NORD,Trans:CNOR,2019-04-03 00:00:00,0.0
Power,NORD,Trans:CNOR,2019-04-03 01:00:00,0.0
Power,NORD,Trans:CNOR,2019-04-03 02:00:00,0.0
Power,NORD,Trans:CNOR,2019-04-03 03:00:00,0.0
Power,NORD,Trans:CNOR,2019-04-03 04:00:00,0.0
Power,NORD,Trans:CNOR,2019-04-03 05:00:00,0.0
Power,NORD,Trans:CNOR,2019-04-03 06:00:00,0.0
Power,NORD,Trans:CNOR,2019-04-03 07:00:00,0.0
Power,NORD,Trans:CNOR,2019-04-03 08:00:00,0.0
Power,NORD,Trans:CNOR,2019-04-03 09:00:00,0.0
Power,NORD,Trans:CNOR,2019-04-03 10:00:00,0.0
Power,NORD,Trans:CNOR,2019-04-03 11:00:00,0.0
Power,NORD,Trans:CNOR,2019-04-03 12:00:00,0.0
Power,NORD,Trans:CNOR,2019-04-03 13:00:00,0.0
Power,NORD,Trans:CNOR,2019-04-03 14:00:00,0.0
Power,NORD,Trans:CNOR,2019-04-03 15:00:00,0.0
Power,NORD,Trans:CNOR,2019-04-03 16:00:00,0.0
Power,NORD,Trans:CNOR,2019-04-03 17:00:00,0.0
Power,NORD,Trans:CNOR,2019-04-03 18:00:00,0.0
Power,NORD,Trans:CNOR,2019-04-03 19:00:00,0.0
Power,NORD,Trans:CNOR,2019-04-03 20:00:00,0.0
Power,NORD,Trans:CNOR,2019-04-03 21:00:00,0.0
Power,NORD,Trans:CNOR,2019-04-03 22:00:00,0.0
Power,NORD,Trans:CNOR,2019-04-03 23:00:00,0.0
Power,NORD,demand_power,2019-04-01 00:00:00,-15643141.0
Power,NORD,demand_power,2019-04-01 01:00:00,-15107056.5
Power,NORD,demand_power,2019-04-01 02:00:00,-14910948.75
Power,NORD,demand_power,2019-04-01 03:00:00,-14768836.5
Power,NORD,demand_power,2019-04-01 04:00:00,-15173730.5
Power,NORD,demand_power,2019-04-01 05:00:00,-16019544.25
Power,NORD,demand_power,2019-04-01 06:00:00,-17259011.0
Power,NORD,demand_power,2019-04-01 07:00:00,-18532827.25
Power,NORD,demand_power,2019-04-01 08:00:00,-19120634.75
Power,NORD,demand_power,2019-04-01 09:00:00,-19093909.0
Power,NORD,demand_power,2019-04-01 10:00:00,-19268987.0
Power,NORD,demand_power,2019-04-01 11:00:00,-18801800.5
Power,NORD,demand_power,2019-04-01 12:00:00,-18226819.75
Power,NORD,demand_power,2019-04-01 13:00:00,-18003256.75
Power,NORD,demand_power,2019-04-01 14:00:00,-17117452.0
Power,NORD,demand_power,2019-04-01 15:00:00,-17037219.5
Power,NORD,demand_power,2019-04-01 16:00:00,-16357330.5
Power,NORD,demand_power,2019-04-01 17:00:00,-17061077.75
Power,NORD,demand_power,2019-04-01 18:00:00,-18340848.5
Power,NORD,demand_power,2019-04-01 19:00:00,-18808287.5
Power,NORD,demand_power,2019-04-01 20:00:00,-17771063.0
Power,NORD,demand_power,2019-04-01 21:00:00,-16727577.25
Power,NORD,demand_power,2019-04-01 22:00:00,-15337485.0
Power,NORD,demand_power,2019-04-01 23:00:00,-14099055.25
Power,NORD,demand_power,2019-04-02 00:00:00,-13391019.75
Power,NORD,demand_power,2019-04-02 01:00:00,-13175014.0
Power,NORD,demand_power,2019-04-02 02:00:00,-13259903.5
Power,NORD,demand_power,2019-04-02 03:00:00,-13233113.0
Power,NORD,demand_power,2019-04-02 04:00:00,-13424470.0
Power,NORD,demand_power,2019-04-02 05:00:00,-13890100.5
Power,NORD,demand_power,2019-04-02 06:00:00,-14352784.75
Power,NORD,demand_power,2019-04-02 07:00:00,-15099254.5
Power,NORD,demand_power,2019-04-02 08:00:00,-16041732.25
Power,NORD,demand_power,2019-04-02 09:00:00,-16493511.75
Power,NORD,demand_power,2019-04-02 10:00:00,-17123126.25
Power,NORD,demand_power,2019-04-02 11:00:00,-17095870.25
Power,NORD,demand_power,2019-04-02 12:00:00,-15460484.25
Power,NORD,demand_power,2019-04-02 13:00:00,-14736460.0
Power,NORD,demand_power,2019-04-02 14:00:00,-13716264.75
Power,NORD,demand_power,2019-04-02 15:00:00,-13995260.0
Power,NORD,demand_power,2019-04-02 16:00:00,-15142672.25
Power,NORD,demand_power,2019-04-02 17:00:00,-15836178.0
Power,NORD,demand_power,2019-04-02 18:00:00,-17145909.0
Power,NORD,demand_power,2019-04-02 19:00:00,-17726758.25
Power,NORD,demand_power,2019-04-02 20:00:00,-17058418.75
Power,NORD,demand_power,2019-04-02 21:00:00,-15991972.0
Power,NORD,demand_power,2019-04-02 22:00:00,-14869910.25
Power,NORD,demand_power,2019-04-02 23:00:00,-14019372.25
Power,NORD,demand_power,2019-04-03 00:00:00,-13232907.0
Power,NORD,demand_power,2019-04-03 01:00:00,-13045423.0
Power,NORD,demand_power,2019-04-03 02:00:00,-13147142.5
Power,NORD,demand_power,2019-04-03 03:00:00,-13621049.25
Power,NORD,demand_power,2019-04-03 04:00:00,-15130047.0
Power,NORD,demand_power,2019-04-03 05:00:00,-18895952.5
Power,NORD,demand_power,2019-04-03 06:00:00,-22516372.5
Power,NORD,demand_power,2019-04-03 07:00:00,-25254604.75
Power,NORD,demand_power,2019-04-03 08:00:00,-25479008.5
Power,NORD,demand_power,2019-04-03 09:00:00,-25176975.5
Power,NORD,demand_power,2019-04-03 10:00:00,-24574057.75
Power,NORD,demand_power,2019-04-03 11:00:00,-23357155.25
Power,NORD,demand_power,2019-04-03 12:00:00,-23848765.0
Power,NORD,demand_power,2019-04-03 13:00:00,-24716780.5
Power,NORD,demand_power,2019-04-03 14:00:00,-24623362.75
Power,NORD,demand_power,2019-04-03 15:00:00,-24139763.25
Power,NORD,demand_power,2019-04-03 16:00:00,-23123942.5
Power,NORD,demand_power,2019-04-03 17:00:00,-22995165.25
Power,NORD,demand_power,2019-04-03 18:00:00,-23755889.0
Power,NORD,demand_power,2019-04-03 19:00:00,-23876815.75
Power,NORD,demand_power,2019-04-03 20:00:00,-22453444.75
Power,NORD,demand_power,2019-04-03 21:00:00,-20361428.25
Power,NORD,demand_power,2019-04-03 22:00:00,-18849059.5
Power,NORD,demand_power,2019-04-03 23:00:00,-17511703.0
Power,SARD,Trans:CNOR,2019-04-01 00:00:00,0.0
Power,SARD,Trans:CNOR,2019-04-01 01:00:00,0.0
Power,SARD,Trans:CNOR,2019-04-01 02:00:00,0.0
Power,SARD,Trans:CNOR,2019-04-01 03:00:00,0.0
Power,SARD,Trans:CNOR,2019-04-01 04:00:00,0.0
Power,SARD,Trans:CNOR,2019-04-01 05:00:00,0.0
Power,SARD,Trans:CNOR,2019-04-01 06:00:00,0.0
Power,SARD,Trans:CNOR,2019-04-01 07:00:00,0.0
Power,SARD,Trans:CNOR,2019-04-01 08:00:00,0.0
Power,SARD,Trans:CNOR,2019-04-01 09:00:00,0.0
Power,SARD,Trans:CNOR,2019-04-01 10:00:00,0.0
Power,SARD,Trans:CNOR,2019-04-01 11:00:00,0.0
Power,SARD,Trans:CNOR,2019-04-01 12:00:00,0.0
Power,SARD,Trans:CNOR,2019-04-01 13:00:00,0.0
Power,SARD,Trans:CNOR,2019-04-01 14:00:00,0.0
Power,SARD,Trans:CNOR,2019-04-01 15:00:00,0.0
Power,SARD,Trans:CNOR,2019-04-01 16:00:00,0.0
Power,SARD,Trans:CNOR,2019-04-01 17:00:00,0.0
Power,SARD,Trans:CNOR,2019-04-01 18:00:00,0.0
Power,SARD,Trans:CNOR,2019-04-01 19:00:00,0.0
Power,SARD,Trans:CNOR,2019-04-01 20:00:00,0.0
Power,SARD,Trans:CNOR,2019-04-01 21:00:00,0.0
Power,SARD,Trans:CNOR,2019-04-01 22:00:00,0.0
Power,SARD,Trans:CNOR,2019-04-01 23:00:00,0.0
Power,SARD,Trans:CNOR,2019-04-02 00:00:00,0.0
Power,SARD,Trans:CNOR,2019-04-02 01:00:00,0.0
Power,SARD,Trans:CNOR,2019-04-02 02:00:00,0.0
Power,SARD,Trans:CNOR,2019-04-02 03:00:00,0.0
Power,SARD,Trans:CNOR,2019-04-02 04:00:00,0.0
Power,SARD,Trans:CNOR,2019-04-02 05:00:00,0.0
Power,SARD,Trans:CNOR,2019-04-02 06:00:00,0.0
Power,SARD,Trans:CNOR,2019-04-02 07:00:00,0.0
Power,SARD,Trans:CNOR,2019-04-02 08:00:00,0.0
Power,SARD,Trans:CNOR,2019-04-02 09:00:00,0.0
Power,SARD,Trans:CNOR,2019-04-02 10:00:00,0.0
Power,SARD,Trans:CNOR,2019-04-02 11:00:00,0.0
Power,SARD,Trans:CNOR,2019-04-02 12:00:00,0.0
Power,SARD,Trans:CNOR,2019-04-02 13:00:00,0.0
Power,SARD,Trans:CNOR,2019-04-02 14:00:00,0.0
Power,SARD,Trans:CNOR,2019-04-02 15:00:00,0.0
Power,SARD,Trans:CNOR,2019-04-02 16:00:00,0.0
Power,SARD,Trans:CNOR,2019-04-02 17:00:00,0.0
Power,SARD,Trans:CNOR,2019-04-02 18:00:00,0.0
Power,SARD,Trans:CNOR,2019-04-02 19:00:00,0.0
Power,SARD,Trans:CNOR,2019-04-02 20:00:00,0.0
Power,SARD,Trans:CNOR,2019-04-02 21:00:00,0.0
Power,SARD,Trans:CNOR,2019-04-02 22:00:00,0.0
Power,SARD,Trans:CNOR,2019-04-02 23:00:00,0.0
Power,SARD,Trans:CNOR,2019-04-03 00:00:00,0.0
Power,SARD,Trans:CNOR,2019-04-03 01:00:00,0.0
Power,SARD,Trans:CNOR,2019-04-03 02:00:00,0.0
Power,SARD,Trans:CNOR,2019-04-03 03:00:00,0.0
Power,SARD,Trans:CNOR,2019-04-03 04:00:00,0.0
Power,SARD,Trans:CNOR,2019-04-03 05:00:00,0.0
Power,SARD,Trans:CNOR,2019-04-03 06:00:00,0.0
Power,SARD,Trans:CNOR,2019-04-03 07:00:00,0.0
Power,SARD,Trans:CNOR,2019-04-03 08:00:00,0.0
Power,SARD,Trans:CNOR,2019-04-03 09:00:00,0.0
Power,SARD,Trans:CNOR,2019-04-03 10:00:00,0.0
Power,SARD,Trans:CNOR,2019-04-03 11:00:00,0.0
Power,SARD,Trans:CNOR,2019-04-03 12:00:00,0.0
Power,SARD,Trans:CNOR,2019-04-03 13:00:00,0.0
Power,SARD,Trans:CNOR,2019-04-03 14:00:00,0.0
Power,SARD,Trans:CNOR,2019-04-03 15:00:00,0.0
Power,SARD,Trans:CNOR,2019-04-03 16:00:00,0.0
Power,SARD,Trans:CNOR,2019-04-03 17:00:00,0.0
Power,SARD,Trans:CNOR,2019-04-03 18:00:00,0.0
Power,SARD,Trans:CNOR,2019-04-03 19:00:00,0.0
Power,SARD,Trans:CNOR,2019-04-03 20:00:00,0.0
Power,SARD,Trans:CNOR,2019-04-03 21:00:00,0.0
Power,SARD,Trans:CNOR,2019-04-03 22:00:00,0.0
Power,SARD,Trans:CNOR,2019-04-03 23:00:00,0.0
Power,SARD,Trans:CSUD,2019-04-01 00:00:00,-47614.459199999925
Power,SARD,Trans:CSUD,2019-04-01 01:00:00,-109944.70919999992
Power,SARD,Trans:CSUD,2019-04-01 02:00:00,-165268.45919999992
Power,SARD,Trans:CSUD,2019-04-01 03:00:00,-160326.42447199998
Power,SARD,Trans:CSUD,2019-04-01 04:00:00,-128252.7989520001
Power,SARD,Trans:CSUD,2019-04-01 05:00:00,-16142.667488000006
Power,SARD,Trans:CSUD,2019-04-01 06:00:00,0.0
Power,SARD,Trans:CSUD,2019-04-01 07:00:00,0.0
Power,SARD,Trans:CSUD,2019-04-01 08:00:00,0.0
Power,SARD,Trans:CSUD,2019-04-01 09:00:00,0.0
Power,SARD,Trans:CSUD,2019-04-01 10:00:00,0.0
Power,SARD,Trans:CSUD,2019-04-01 11:00:00,0.0
Power,SARD,Trans:CSUD,2019-04-01 12:00:00,-25260.935367999948
Power,SARD,Trans:CSUD,2019-04-01 13:00:00,0.0
Power,SARD,Trans:CSUD,2019-04-01 14:00:00,0.0
Power,SARD,Trans:CSUD,2019-04-01 15:00:00,0.0
Power,SARD,Trans:CSUD,2019-04-01 16:00:00,0.0
Power,SARD,Trans:CSUD,2019-04-01 17:00:00,0.0
Power,SARD,Trans:CSUD,2019-04-01 18:00:00,0.0
Power,SARD,Trans:CSUD,2019-04-01 19:00:00,0.0
Power,SARD,Trans:CSUD,2019-04-01 20:00:00,0.0
Power,SARD,Trans:CSUD,2019-04-01 21:00:00,0.0
Power,SARD,Trans:CSUD,2019-04-01 22:00:00,0.0
Power,SARD,Trans:CSUD,2019-04-01 23:00:00,0.0
Power,SARD,Trans:CSUD,2019-04-02 00:00:00,0.0
Power,SARD,Trans:CSUD,2019-04-02 01:00:00,0.0
Power,SARD,Trans:CSUD,2019-04-02 02:00:00,0.0
Power,SARD,Trans:CSUD,2019-04-02 03:00:00,0.0
Power,SARD,Trans:CSUD,2019-04-02 04:00:00,0.0
Power,SARD,Trans:CSUD,2019-04-02 05:00:00,0.0
Power,SARD,Trans:CSUD,2019-04-02 06:00:00,0.0
Power,SARD,Trans:CSUD,2019-04-02 07:00:00,0.0
Power,SARD,Trans:CSUD,2019-04-02 08:00:00,0.0
Power,SARD,Trans:CSUD,2019-04-02 09:00:00,-22446.209199999925
Power,SARD,Trans:CSUD,2019-04-02 10:00:00,-184423.45919999992
Power,SARD,Trans:CSUD,2019-04-02 11:00:00,-227379.06337599992
Power,SARD,Trans:CSUD,2019-04-02 12:00:00,-378612.5633759999
Power,SARD,Trans:CSUD,2019-04-02 13:00:00,-263258.5633759999
Power,SARD,Trans:CSUD,2019-04-02 14:00:00,-162913.57399199996
Power,SARD,Trans:CSUD,2019-04-02 15:00:00,-46087.88540799997
Power,SARD,Trans:CSUD,2019-04-02 16:00:00,0.0
Power,SARD,Trans:CSUD,2019-04-02 17:00:00,0.0
Power,SARD,Trans:CSUD,2019-04-02 18:00:00,0.0
Power,SARD,Trans:CSUD,2019-04-02 19:00:00,0.0
Power,SARD,Trans:CSUD,2019-04-02 20:00:00,0.0
Power,SARD,Trans:CSUD,2019-04-02 21:00:00,0.0
Power,SARD,Trans:CSUD,2019-04-02 22:00:00,0.0
Power,SARD,Trans:CSUD,2019-04-02 23:00:00,0.0
Power,SARD,Trans:CSUD,2019-04-03 00:00:00,0.0
Power,SARD,Trans:CSUD,2019-04-03 01:00:00,0.0
Power,SARD,Trans:CSUD,2019-04-03 02:00:00,0.0
Power,SARD,Trans:CSUD,2019-04-03 03:00:00,0.0
Power,SARD,Trans:CSUD,2019-04-03 04:00:00,0.0
Power,SARD,Trans:CSUD,2019-04-03 05:00:00,0.0
Power,SARD,Trans:CSUD,2019-04-03 06:00:00,0.0
Power,SARD,Trans:CSUD,2019-04-03 07:00:00,0.0
Power,SARD,Trans:CSUD,2019-04-03 08:00:00,0.0
Power,SARD,Trans:CSUD,2019-04-03 09:00:00,0.0
Power,SARD,Trans:CSUD,2019-04-03 10:00:00,0.0
Power,SARD,Trans:CSUD,2019-04-03 11:00:00,-79322.37122399989
Power,SARD,Trans:CSUD,2019-04-03 12:00:00,-57323.91500000004
Power,SARD,Trans:CSUD,2019-04-03 13:00:00,-41793.32399200008
Power,SARD,Trans:CSUD,2019-04-03 14:00:00,0.0
Power,SARD,Trans:CSUD,2019-04-03 15:00:00,0.0
Power,SARD,Trans:CSUD,2019-04-03 16:00:00,0.0
Power,SARD,Trans:CSUD,2019-04-03 17:00:00,0.0
Power,SARD,Trans:CSUD,2019-04-03 18:00:00,0.0
Power,SARD,Trans:CSUD,2019-04-03 19:00:00,0.0
Power,SARD,Trans:CSUD,2019-04-03 20:00:00,0.0
Power,SARD,Trans:CSUD,2019-04-03 21:00:00,-41208.23658400006
Power,SARD,Trans:CSUD,2019-04-03 22:00:00,-244306.33202400012
Power,SARD,Trans:CSUD,2019-04-03 23:00:00,-483471.8494085474
Power,SARD,demand_power,2019-04-01 00:00:00,-740657.5
Power,SARD,demand_power,2019-04-01 01:00:00,-721309.25
Power,SARD,demand_power,2019-04-01 02:00:00,-701314.5
Power,SARD,demand_power,2019-04-01 03:00:00,-706083.5
Power,SARD,demand_power,2019-04-01 04:00:00,-714123.25
Power,SARD,demand_power,2019-04-01 05:00:00,-774070.75
Power,SARD,demand_power,2019-04-01 06:00:00,-859229.5
Power,SARD,demand_power,2019-04-01 07:00:00,-959432.25
Power,SARD,demand_power,2019-04-01 08:00:00,-1048783.5
Power,SARD,demand_power,2019-04-01 09:00:00,-1095610.25
Power,SARD,demand_power,2019-04-01 10:00:00,-1042787.5
Power,SARD,demand_power,2019-04-01 11:00:00,-1009574.5
Power,SARD,demand_power,2019-04-01 12:00:00,-921336.75
Power,SARD,demand_power,2019-04-01 13:00:00,-902518.75
Power,SARD,demand_power,2019-04-01 14:00:00,-912742.0
Power,SARD,demand_power,2019-04-01 15:00:00,-905725.25
Power,SARD,demand_power,2019-04-01 16:00:00,-935124.5
Power,SARD,demand_power,2019-04-01 17:00:00,-924797.0
Power,SARD,demand_power,2019-04-01 18:00:00,-954189.25
Power,SARD,demand_power,2019-04-01 19:00:00,-1007458.0
Power,SARD,demand_power,2019-04-01 20:00:00,-963078.5
Power,SARD,demand_power,2019-04-01 21:00:00,-892840.25
Power,SARD,demand_power,2019-04-01 22:00:00,-829421.5
Power,SARD,demand_power,2019-04-01 23:00:00,-775787.0
Power,SARD,demand_power,2019-04-02 00:00:00,-730484.25
Power,SARD,demand_power,2019-04-02 01:00:00,-704165.5
Power,SARD,demand_power,2019-04-02 02:00:00,-688602.25
Power,SARD,demand_power,2019-04-02 03:00:00,-691181.75
Power,SARD,demand_power,2019-04-02 04:00:00,-704161.0
Power,SARD,demand_power,2019-04-02 05:00:00,-736658.75
Power,SARD,demand_power,2019-04-02 06:00:00,-791350.25
Power,SARD,demand_power,2019-04-02 07:00:00,-862562.25
Power,SARD,demand_power,2019-04-02 08:00:00,-931727.25
Power,SARD,demand_power,2019-04-02 09:00:00,-949384.75
Power,SARD,demand_power,2019-04-02 10:00:00,-985811.5
Power,SARD,demand_power,2019-04-02 11:00:00,-1093786.0
Power,SARD,demand_power,2019-04-02 12:00:00,-989310.5
Power,SARD,demand_power,2019-04-02 13:00:00,-1001164.5
Power,SARD,demand_power,2019-04-02 14:00:00,-922874.75
Power,SARD,demand_power,2019-04-02 15:00:00,-817114.75
Power,SARD,demand_power,2019-04-02 16:00:00,-890307.0
Power,SARD,demand_power,2019-04-02 17:00:00,-950936.5
Power,SARD,demand_power,2019-04-02 18:00:00,-968393.5
Power,SARD,demand_power,2019-04-02 19:00:00,-1027268.5
Power,SARD,demand_power,2019-04-02 20:00:00,-990542.75
Power,SARD,demand_power,2019-04-02 21:00:00,-911312.5
Power,SARD,demand_power,2019-04-02 22:00:00,-852202.75
Power,SARD,demand_power,2019-04-02 23:00:00,-775461.0
Power,SARD,demand_power,2019-04-03 00:00:00,-728457.25
Power,SARD,demand_power,2019-04-03 01:00:00,-703365.0
Power,SARD,demand_power,2019-04-03 02:00:00,-694567.0
Power,SARD,demand_power,2019-04-03 03:00:00,-703061.25
Power,SARD,demand_power,2019-04-03 04:00:00,-740612.0
Power,SARD,demand_power,2019-04-03 05:00:00,-840135.75
Power,SARD,demand_power,2019-04-03 06:00:00,-971132.0
Power,SARD,demand_power,2019-04-03 07:00:00,-1081843.25
Power,SARD,demand_power,2019-04-03 08:00:00,-1207703.0
Power,SARD,demand_power,2019-04-03 09:00:00,-1169827.25
Power,SARD,demand_power,2019-04-03 10:00:00,-1110170.25
Power,SARD,demand_power,2019-04-03 11:00:00,-1068552.5
Power,SARD,demand_power,2019-04-03 12:00:00,-1064019.75
Power,SARD,demand_power,2019-04-03 13:00:00,-1005466.0
Power,SARD,demand_power,2019-04-03 14:00:00,-1116977.0
Power,SARD,demand_power,2019-04-03 15:00:00,-1019400.0
Power,SARD,demand_power,2019-04-03 16:00:00,-912685.75
Power,SARD,demand_power,2019-04-03 17:00:00,-917559.5
Power,SARD,demand_power,2019-04-03 18:00:00,-1003952.75
Power,SARD,demand_power,2019-04-03 19:00:00,-1077867.75
Power,SARD,demand_power,2019-04-03 20:00:00,-1033934.25
Power,SARD,demand_power,2019-04-03 21:00:00,-946086.75
Power,SARD,demand_power,2019-04-03 22:00:00,-852602.25
Power,SARD,demand_power,2019-04-03 23:00:00,-777047.0
Power,SICI,Trans:SUD,2019-04-01 00:00:00,0.0
Power,SICI,Trans:SUD,2019-04-01 01:00:00,0.0
Power,SICI,Trans:SUD,2019-04-01 02:00:00,0.0
Power,SICI,Trans:SUD,2019-04-01 03:00:00,0.0
Power,SICI,Trans:SUD,2019-04-01 04:00:00,0.0
Power,SICI,Trans:SUD,2019-04-01 05:00:00,0.0
Power,SICI,Trans:SUD,2019-04-01 06:00:00,0.0
Power,SICI,Trans:SUD,2019-04-01 07:00:00,0.0
Power,SICI,Trans:SUD,2019-04-01 08:00:00,0.0
Power,SICI,Trans:SUD,2019-04-01 09:00:00,0.0
Power,SICI,Trans:SUD,2019-04-01 10:00:00,0.0
Power,SICI,Trans:SUD,2019-04-01 11:00:00,0.0
Power,SICI,Trans:SUD,2019-04-01 12:00:00,0.0
Power,SICI,Trans:SUD,2019-04-01 13:00:00,0.0
Power,SICI,Trans:SUD,2019-04-01 14:00:00,0.0
Power,SICI,Trans:SUD,2019-04-01 15:00:00,0.0
Power,SICI,Trans:SUD,2019-04-01 16:00:00,0.0
Power,SICI,Trans:SUD,2019-04-01 17:00:00,0.0
Power,SICI,Trans:SUD,2019-04-01 18:00:00,0.0
Power,SICI,Trans:SUD,2019-04-01 19:00:00,0.0
Power,SICI,Trans:SUD,2019-04-01 20:00:00,0.0
Power,SICI,Trans:SUD,2019-04-01 21:00:00,0.0
Power,SICI,Trans:SUD,2019-04-01 22:00:00,0.0
Power,SICI,Trans:SUD,2019-04-01 23:00:00,0.0
Power,SICI,Trans:SUD,2019-04-02 00:00:00,0.0
Power,SICI,Trans:SUD,2019-04-02 01:00:00,0.0
Power,SICI,Trans:SUD,2019-04-02 02:00:00,0.0
Power,SICI,Trans:SUD,2019-04-02 03:00:00,0.0
Power,SICI,Trans:SUD,2019-04-02 04:00:00,0.0
Power,SICI,Trans:SUD,2019-04-02 05:00:00,0.0
Power,SICI,Trans:SUD,2019-04-02 06:00:00,0.0
Power,SICI,Trans:SUD,2019-04-02 07:00:00,0.0
Power,SICI,Trans:SUD,2019-04-02 08:00:00,0.0
Power,SICI,Trans:SUD,2019-04-02 09:00:00,0.0
Power,SICI,Trans:SUD,2019-04-02 10:00:00,0.0
Power,SICI,Trans:SUD,2019-04-02 11:00:00,0.0
Power,SICI,Trans:SUD,2019-04-02 12:00:00,0.0
Power,SICI,Trans:SUD,2019-04-02 13:00:00,0.0
Power,SICI,Trans:SUD,2019-04-02 14:00:00,0.0
Power,SICI,Trans:SUD,2019-04-02 15:00:00,0.0
Power,SICI,Trans:SUD,2019-04-02 16:00:00,0.0
Power,SICI,Trans:SUD,2019-04-02 17:00:00,0.0
Power,SICI,Trans:SUD,2019-04-02 18:00:00,0.0
Power,SICI,Trans:SUD,2019-04-02 19:00:00,0.0
Power,SICI,Trans:SUD,2019-04-02 20:00:00,0.0
Power,SICI,Trans:SUD,2019-04-02 21:00:00,0.0
Power,SICI,Trans:SUD,2019-04-02 22:00:00,0.0
Power,SICI,Trans:SUD,2019-04-02 23:00:00,0.0
Power,SICI,Trans:SUD,2019-04-03 00:00:00,0.0
Power,SICI,Trans:SUD,2019-04-03 01:00:00,0.0
Power,SICI,Trans:SUD,2019-04-03 02:00:00,0.0
Power,SICI,Trans:SUD,2019-04-03 03:00:00,0.0
Power,SICI,Trans:SUD,2019-04-03 04:00:00,0.0
Power,SICI,Trans:SUD,2019-04-03 05:00:00,0.0
Power,SICI,Trans:SUD,2019-04-03 06:00:00,0.0
Power,SICI,Trans:SUD,2019-04-03 07:00:00,0.0
Power,SICI,Trans:SUD,2019-04-03 08:00:00,0.0
Power,SICI,Trans:SUD,2019-04-03 09:00:00,0.0
Power,SICI,Trans:SUD,2019-04-03 10:00:00,0.0
Power,SICI,Trans:SUD,2019-04-03 11:00:00,0.0
Power,SICI,Trans:SUD,2019-04-03 12:00:00,0.0
Power,SICI,Trans:SUD,2019-04-03 13:00:00,0.0
Power,SICI,Trans:SUD,2019-04-03 14:00:00,0.0
Power,SICI,Trans:SUD,2019-04-03 15:00:00,0.0
Power,SICI,Trans:SUD,2019-04-03 16:00:00,0.0
Power,SICI,Trans:SUD,2019-04-03 17:00:00,0.0
Power,SICI,Trans:SUD,2019-04-03 18:00:00,0.0
Power,SICI,Trans:SUD,2019-04-03 19:00:00,0.0
Power,SICI,Trans:SUD,2019-04-03 20:00:00,0.0
Power,SICI,Trans:SUD,2019-04-03 21:00:00,0.0
Power,SICI,Trans:SUD,2019-04-03 22:00:00,0.0
Power,SICI,Trans:SUD,2019-04-03 23:00:00,0.0
Power,SICI,demand_power,2019-04-01 00:00:00,-1589403.0
Power,SICI,demand_power,2019-04-01 01:00:00,-1529704.75
Power,SICI,demand_power,2019-04-01 02:00:00,-1502883.25
Power,SICI,demand_power,2019-04-01 03:00:00,-1521007.25
Power,SICI,demand_power,2019-04-01 04:00:00,-1558828.75
Power,SICI,demand_power,2019-04-01 05:00:00,-1667511.25
Power,SICI,demand_power,2019-04-01 06:00:00,-1818040.25
Power,SICI,demand_power,2019-04-01 07:00:00,-2229596.0
Power,SICI,demand_power,2019-04-01 08:00:00,-2390644.5
Power,SICI,demand_power,2019-04-01 09:00:00,-2423741.25
Power,SICI,demand_power,2019-04-01 10:00:00,-2231757.75
Power,SICI,demand_power,2019-04-01 11:00:00,-2341793.5
Power,SICI,demand_power,2019-04-01 12:00:00,-2272290.25
Power,SICI,demand_power,2019-04-01 13:00:00,-2143387.5
Power,SICI,demand_power,2019-04-01 14:00:00,-2274793.75
Power,SICI,demand_power,2019-04-01 15:00:00,-2128087.0
Power,SICI,demand_power,2019-04-01 16:00:00,-2208467.75
Power,SICI,demand_power,2019-04-01 17:00:00,-2200931.25
Power,SICI,demand_power,2019-04-01 18:00:00,-2347795.5
Power,SICI,demand_power,2019-04-01 19:00:00,-2514999.5
Power,SICI,demand_power,2019-04-01 20:00:00,-2358018.0
Power,SICI,demand_power,2019-04-01 21:00:00,-2211954.25
Power,SICI,demand_power,2019-04-01 22:00:00,-1999887.25
Power,SICI,demand_power,2019-04-01 23:00:00,-1772462.5
Power,SICI,demand_power,2019-04-02 00:00:00,-1626832.75
Power,SICI,demand_power,2019-04-02 01:00:00,-1536030.75
Power,SICI,demand_power,2019-04-02 02:00:00,-1503634.25
Power,SICI,demand_power,2019-04-02 03:00:00,-1481570.0
Power,SICI,demand_power,2019-04-02 04:00:00,-1488397.5
Power,SICI,demand_power,2019-04-02 05:00:00,-1557975.25
Power,SICI,demand_power,2019-04-02 06:00:00,-1686188.0
Power,SICI,demand_power,2019-04-02 07:00:00,-2204005.75
Power,SICI,demand_power,2019-04-02 08:00:00,-2564693.25
Power,SICI,demand_power,2019-04-02 09:00:00,-2397689.75
Power,SICI,demand_power,2019-04-02 10:00:00,-2197142.25
Power,SICI,demand_power,2019-04-02 11:00:00,-2372440.5
Power,SICI,demand_power,2019-04-02 12:00:00,-2035282.25
Power,SICI,demand_power,2019-04-02 13:00:00,-1858207.5
Power,SICI,demand_power,2019-04-02 14:00:00,-1858262.75
Power,SICI,demand_power,2019-04-02 15:00:00,-1938409.0
Power,SICI,demand_power,2019-04-02 16:00:00,-2041287.25
Power,SICI,demand_power,2019-04-02 17:00:00,-2210730.5
Power,SICI,demand_power,2019-04-02 18:00:00,-2482198.0
Power,SICI,demand_power,2019-04-02 19:00:00,-2595954.25
Power,SICI,demand_power,2019-04-02 20:00:00,-2500502.75
Power,SICI,demand_power,2019-04-02 21:00:00,-2354649.5
Power,SICI,demand_power,2019-04-02 22:00:00,-2184259.5
Power,SICI,demand_power,2019-04-02 23:00:00,-1903553.25
Power,SICI,demand_power,2019-04-03 00:00:00,-1707661.0
Power,SICI,demand_power,2019-04-03 01:00:00,-1628811.25
Power,SICI,demand_power,2019-04-03 02:00:00,-1602127.25
Power,SICI,demand_power,2019-04-03 03:00:00,-1620166.0
Power,SICI,demand_power,2019-04-03 04:00:00,-1744275.5
Power,SICI,demand_power,2019-04-03 05:00:00,-1973091.75
Power,SICI,demand_power,2019-04-03 06:00:00,-2196754.25
Power,SICI,demand_power,2019-04-03 07:00:00,-2352935.0
Power,SICI,demand_power,2019-04-03 08:00:00,-2480661.75
Power,SICI,demand_power,2019-04-03 09:00:00,-2451414.25
Power,SICI,demand_power,2019-04-03 10:00:00,-2487570.5
Power,SICI,demand_power,2019-04-03 11:00:00,-2515821.0
Power,SICI,demand_power,2019-04-03 12:00:00,-2504857.0
Power,SICI,demand_power,2019-04-03 13:00:00,-2521329.0
Power,SICI,demand_power,2019-04-03 14:00:00,-2572263.0
Power,SICI,demand_power,2019-04-03 15:00:00,-2636292.5
Power,SICI,demand_power,2019-04-03 16:00:00,-2511542.75
Power,SICI,demand_power,2019-04-03 17:00:00,-2417887.0
Power,SICI,demand_power,2019-04-03 18:00:00,-2559051.0
Power,SICI,demand_power,2019-04-03 19:00:00,-2677750.0
Power,SICI,demand_power,2019-04-03 20:00:00,-2496362.25
Power,SICI,demand_power,2019-04-03 21:00:00,-2276061.75
Power,SICI,demand_power,2019-04-03 22:00:00,-2019328.25
Power,SICI,demand_power,2019-04-03 23:00:00,-1789314.0
Power,SUD,Trans:CSUD,2019-04-01 00:00:00,0.0
Power,SUD,Trans:CSUD,2019-04-01 01:00:00,0.0
Power,SUD,Trans:CSUD,2019-04-01 02:00:00,0.0
Power,SUD,Trans:CSUD,2019-04-01 03:00:00,0.0
Power,SUD,Trans:CSUD,2019-04-01 04:00:00,0.0
Power,SUD,Trans:CSUD,2019-04-01 05:00:00,0.0
Power,SUD,Trans:CSUD,2019-04-01 06:00:00,0.0
Power,SUD,Trans:CSUD,2019-04-01 07:00:00,0.0
Power,SUD,Trans:CSUD,2019-04-01 08:00:00,0.0
Power,SUD,Trans:CSUD,2019-04-01 09:00:00,-444424.24112100014
Power,SUD,Trans:CSUD,2019-04-01 10:00:00,-983298.229398164
Power,SUD,Trans:CSUD,2019-04-01 11:00:00,-864462.9326516646
Power,SUD,Trans:CSUD,2019-04-01 12:00:00,-324870.9983379203
Power,SUD,Trans:CSUD,2019-04-01 13:00:00,-424270.3328446547
Power,SUD,Trans:CSUD,2019-04-01 14:00:00,-848342.9804664213
Power,SUD,Trans:CSUD,2019-04-01 15:00:00,0.0
Power,SUD,Trans:CSUD,2019-04-01 16:00:00,0.0
Power,SUD,Trans:CSUD,2019-04-01 17:00:00,0.0
Power,SUD,Trans:CSUD,2019-04-01 18:00:00,0.0
Power,SUD,Trans:CSUD,2019-04-01 19:00:00,0.0
Power,SUD,Trans:CSUD,2019-04-01 20:00:00,0.0
Power,SUD,Trans:CSUD,2019-04-01 21:00:00,0.0
Power,SUD,Trans:CSUD,2019-04-01 22:00:00,0.0
Power,SUD,Trans:CSUD,2019-04-01 23:00:00,0.0
Power,SUD,Trans:CSUD,2019-04-02 00:00:00,0.0
Power,SUD,Trans:CSUD,2019-04-02 01:00:00,0.0
Power,SUD,Trans:CSUD,2019-04-02 02:00:00,0.0
Power,SUD,Trans:CSUD,2019-04-02 03:00:00,0.0
Power,SUD,Trans:CSUD,2019-04-02 04:00:00,0.0
Power,SUD,Trans:CSUD,2019-04-02 05:00:00,0.0
Power,SUD,Trans:CSUD,2019-04-02 06:00:00,0.0
Power,SUD,Trans:CSUD,2019-04-02 07:00:00,0.0
Power,SUD,Trans:CSUD,2019-04-02 08:00:00,0.0
Power,SUD,Trans:CSUD,2019-04-02 09:00:00,-285925.3981920001
Power,SUD,Trans:CSUD,2019-04-02 10:00:00,-814416.966269
Power,SUD,Trans:CSUD,2019-04-02 11:00:00,-930558.892246
Power,SUD,Trans:CSUD,2019-04-02 12:00:00,-521795.4441650888
Power,SUD,Trans:CSUD,2019-04-02 13:00:00,-1138413.1593926803
Power,SUD,Trans:CSUD,2019-04-02 14:00:00,-1545456.2833144201
Power,SUD,Trans:CSUD,2019-04-02 15:00:00,-1263016.0834650001
Power,SUD,Trans:CSUD,2019-04-02 16:00:00,-741154.018894
Power,SUD,Trans:CSUD,2019-04-02 17:00:00,-42853.166819999926
Power,SUD,Trans:CSUD,2019-04-02 18:00:00,0.0
Power,SUD,Trans:CSUD,2019-04-02 19:00:00,0.0
Power,SUD,Trans:CSUD,2019-04-02 20:00:00,0.0
Power,SUD,Trans:CSUD,2019-04-02 21:00:00,0.0
Power,SUD,Trans:CSUD,2019-04-02 22:00:00,0.0
Power,SUD,Trans:CSUD,2019-04-02 23:00:00,-257898.5545730004
Power,SUD,Trans:CSUD,2019-04-03 00:00:00,-399230.25603699964
Power,SUD,Trans:CSUD,2019-04-03 01:00:00,-353373.57632099977
Power,SUD,Trans:CSUD,2019-04-03 02:00:00,-252056.92553699994
Power,SUD,Trans:CSUD,2019-04-03 03:00:00,-157782.04769100016
Power,SUD,Trans:CSUD,2019-04-03 04:00:00,0.0
Power,SUD,Trans:CSUD,2019-04-03 05:00:00,0.0
Power,SUD,Trans:CSUD,2019-04-03 06:00:00,0.0
Power,SUD,Trans:CSUD,2019-04-03 07:00:00,0.0
Power,SUD,Trans:CSUD,2019-04-03 08:00:00,0.0
Power,SUD,Trans:CSUD,2019-04-03 09:00:00,0.0
Power,SUD,Trans:CSUD,2019-04-03 10:00:00,-525030.719426
Power,SUD,Trans:CSUD,2019-04-03 11:00:00,-722590.2670299998
Power,SUD,Trans:CSUD,2019-04-03 12:00:00,-678967.639277
Power,SUD,Trans:CSUD,2019-04-03 13:00:00,-462401.9815599993
Power,SUD,Trans:CSUD,2019-04-03 14:00:00,0.0
Power,SUD,Trans:CSUD,2019-04-03 15:00:00,0.0
Power,SUD,Trans:CSUD,2019-04-03 16:00:00,0.0
Power,SUD,Trans:CSUD,2019-04-03 17:00:00,0.0
Power,SUD,Trans:CSUD,2019-04-03 18:00:00,0.0
Power,SUD,Trans:CSUD,2019-04-03 19:00:00,0.0
Power,SUD,Trans:CSUD,2019-04-03 20:00:00,0.0
Power,SUD,Trans:CSUD,2019-04-03 21:00:00,0.0
Power,SUD,Trans:CSUD,2019-04-03 22:00:00,0.0
Power,SUD,Trans:CSUD,2019-04-03 23:00:00,0.0
Power,SUD,Trans:SICI,2019-04-01 00:00:00,0.0
Power,SUD,Trans:SICI,2019-04-01 01:00:00,0.0
Power,SUD,Trans:SICI,2019-04-01 02:00:00,0.0
Power,SUD,Trans:SICI,2019-04-01 03:00:00,0.0
Power,SUD,Trans:SICI,2019-04-01 04:00:00,0.0
Power,SUD,Trans:SICI,2019-04-01 05:00:00,0.0
Power,SUD,Trans:SICI,2019-04-01 06:00:00,0.0
Power,SUD,Trans:SICI,2019-04-01 07:00:00,0.0
Power,SUD,Trans:SICI,2019-04-01 08:00:00,0.0
Power,SUD,Trans:SICI,2019-04-01 09:00:00,0.0
Power,SUD,Trans:SICI,2019-04-01 10:00:00,-19910.668601836078
Power,SUD,Trans:SICI,2019-04-01 11:00:00,-693083.3720753356
Power,SUD,Trans:SICI,2019-04-01 12:00:00,-1301100.85691908
Power,SUD,Trans:SICI,2019-04-01 13:00:00,-1288376.9380623456
Power,SUD,Trans:SICI,2019-04-01 14:00:00,-55334.69796357852
Power,SUD,Trans:SICI,2019-04-01 15:00:00,0.0
Power,SUD,Trans:SICI,2019-04-01 16:00:00,0.0
Power,SUD,Trans:SICI,2019-04-01 17:00:00,0.0
Power,SUD,Trans:SICI,2019-04-01 18:00:00,0.0
Power,SUD,Trans:SICI,2019-04-01 19:00:00,0.0
Power,SUD,Trans:SICI,2019-04-01 20:00:00,0.0
Power,SUD,Trans:SICI,2019-04-01 21:00:00,0.0
Power,SUD,Trans:SICI,2019-04-01 22:00:00,0.0
Power,SUD,Trans:SICI,2019-04-01 23:00:00,0.0
Power,SUD,Trans:SICI,2019-04-02 00:00:00,0.0
Power,SUD,Trans:SICI,2019-04-02 01:00:00,0.0
Power,SUD,Trans:SICI,2019-04-02 02:00:00,0.0
Power,SUD,Trans:SICI,2019-04-02 03:00:00,0.0
Power,SUD,Trans:SICI,2019-04-02 04:00:00,0.0
Power,SUD,Trans:SICI,2019-04-02 05:00:00,0.0
Power,SUD,Trans:SICI,2019-04-02 06:00:00,0.0
Power,SUD,Trans:SICI,2019-04-02 07:00:00,0.0
Power,SUD,Trans:SICI,2019-04-02 08:00:00,0.0
Power,SUD,Trans:SICI,2019-04-02 09:00:00,0.0
Power,SUD,Trans:SICI,2019-04-02 10:00:00,0.0
Power,SUD,Trans:SICI,2019-04-02 11:00:00,0.0
Power,SUD,Trans:SICI,2019-04-02 12:00:00,-993086.9231389113
Power,SUD,Trans:SICI,2019-04-02 13:00:00,-847130.0789433194
Power,SUD,Trans:SICI,2019-04-02 14:00:00,-205712.2587205805
Power,SUD,Trans:SICI,2019-04-02 15:00:00,0.0
Power,SUD,Trans:SICI,2019-04-02 16:00:00,0.0
Power,SUD,Trans:SICI,2019-04-02 17:00:00,0.0
Power,SUD,Trans:SICI,2019-04-02 18:00:00,0.0
Power,SUD,Trans:SICI,2019-04-02 19:00:00,0.0
Power,SUD,Trans:SICI,2019-04-02 20:00:00,0.0
Power,SUD,Trans:SICI,2019-04-02 21:00:00,0.0
Power,SUD,Trans:SICI,2019-04-02 22:00:00,0.0
Power,SUD,Trans:SICI,2019-04-02 23:00:00,0.0
Power,SUD,Trans:SICI,2019-04-03 00:00:00,0.0
Power,SUD,Trans:SICI,2019-04-03 01:00:00,0.0
Power,SUD,Trans:SICI,2019-04-03 02:00:00,0.0
Power,SUD,Trans:SICI,2019-04-03 03:00:00,0.0
Power,SUD,Trans:SICI,2019-04-03 04:00:00,0.0
Power,SUD,Trans:SICI,2019-04-03 05:00:00,0.0
Power,SUD,Trans:SICI,2019-04-03 06:00:00,0.0
Power,SUD,Trans:SICI,2019-04-03 07:00:00,0.0
Power,SUD,Trans:SICI,2019-04-03 08:00:00,0.0
Power,SUD,Trans:SICI,2019-04-03 09:00:00,0.0
Power,SUD,Trans:SICI,2019-04-03 10:00:00,0.0
Power,SUD,Trans:SICI,2019-04-03 11:00:00,0.0
Power,SUD,Trans:SICI,2019-04-03 12:00:00,0.0
Power,SUD,Trans:SICI,2019-04-03 13:00:00,0.0
Power,SUD,Trans:SICI,2019-04-03 14:00:00,0.0
Power,SUD,Trans:SICI,2019-04-03 15:00:00,0.0
Power,SUD,Trans:SICI,2019-04-03 16:00:00,0.0
Power,SUD,Trans:SICI,2019-04-03 17:00:00,0.0
Power,SUD,Trans:SICI,2019-04-03 18:00:00,0.0
Power,SUD,Trans:SICI,2019-04-03 19:00:00,0.0
Power,SUD,Trans:SICI,2019-04-03 20:00:00,0.0
Power,SUD,Trans:SICI,2019-04-03 21:00:00,0.0
Power,SUD,Trans:SICI,2019-04-03 22:00:00,0.0
Power,SUD,Trans:SICI,2019-04-03 23:00:00,0.0
Power,SUD,demand_power,2019-04-01 00:00:00,-2224835.25
Power,SUD,demand_power,2019-04-01 01:00:00,-2094852.25
Power,SUD,demand_power,2019-04-01 02:00:00,-1949685.75
Power,SUD,demand_power,2019-04-01 03:00:00,-2042675.0
Power,SUD,demand_power,2019-04-01 04:00:00,-2164337.25
Power,SUD,demand_power,2019-04-01 05:00:00,-2286481.25
Power,SUD,demand_power,2019-04-01 06:00:00,-2520519.5
Power,SUD,demand_power,2019-04-01 07:00:00,-3046721.0
Power,SUD,demand_power,2019-04-01 08:00:00,-3249068.75
Power,SUD,demand_power,2019-04-01 09:00:00,-3320061.5
Power,SUD,demand_power,2019-04-01 10:00:00,-3090538.5
Power,SUD,demand_power,2019-04-01 11:00:00,-2683542.0
Power,SUD,demand_power,2019-04-01 12:00:00,-2552904.0
Power,SUD,demand_power,2019-04-01 13:00:00,-2158299.75
Power,SUD,demand_power,2019-04-01 14:00:00,-2501162.75
Power,SUD,demand_power,2019-04-01 15:00:00,-2859082.0
Power,SUD,demand_power,2019-04-01 16:00:00,-3053898.75
Power,SUD,demand_power,2019-04-01 17:00:00,-2780567.5
Power,SUD,demand_power,2019-04-01 18:00:00,-3107790.75
Power,SUD,demand_power,2019-04-01 19:00:00,-3412436.5
Power,SUD,demand_power,2019-04-01 20:00:00,-3186298.25
Power,SUD,demand_power,2019-04-01 21:00:00,-3031195.75
Power,SUD,demand_power,2019-04-01 22:00:00,-2413630.5
Power,SUD,demand_power,2019-04-01 23:00:00,-2132435.75
Power,SUD,demand_power,2019-04-02 00:00:00,-1917232.75
Power,SUD,demand_power,2019-04-02 01:00:00,-2006772.75
Power,SUD,demand_power,2019-04-02 02:00:00,-1999685.5
Power,SUD,demand_power,2019-04-02 03:00:00,-1956093.25
Power,SUD,demand_power,2019-04-02 04:00:00,-2006588.5
Power,SUD,demand_power,2019-04-02 05:00:00,-2045713.25
Power,SUD,demand_power,2019-04-02 06:00:00,-2032610.0
Power,SUD,demand_power,2019-04-02 07:00:00,-2370237.0
Power,SUD,demand_power,2019-04-02 08:00:00,-2833580.5
Power,SUD,demand_power,2019-04-02 09:00:00,-2779216.25
Power,SUD,demand_power,2019-04-02 10:00:00,-2664813.75
Power,SUD,demand_power,2019-04-02 11:00:00,-2815390.75
Power,SUD,demand_power,2019-04-02 12:00:00,-2385412.25
Power,SUD,demand_power,2019-04-02 13:00:00,-1941305.25
Power,SUD,demand_power,2019-04-02 14:00:00,-1975661.25
Power,SUD,demand_power,2019-04-02 15:00:00,-2035207.25
Power,SUD,demand_power,2019-04-02 16:00:00,-2019083.25
Power,SUD,demand_power,2019-04-02 17:00:00,-2383351.25
Power,SUD,demand_power,2019-04-02 18:00:00,-2630006.75
Power,SUD,demand_power,2019-04-02 19:00:00,-3060347.25
Power,SUD,demand_power,2019-04-02 20:00:00,-2983410.75
Power,SUD,demand_power,2019-04-02 21:00:00,-2833185.5
Power,SUD,demand_power,2019-04-02 22:00:00,-2637107.25
Power,SUD,demand_power,2019-04-02 23:00:00,-2362934.25
Power,SUD,demand_power,2019-04-03 00:00:00,-2257982.5
Power,SUD,demand_power,2019-04-03 01:00:00,-2224372.25
Power,SUD,demand_power,2019-04-03 02:00:00,-2210688.25
Power,SUD,demand_power,2019-04-03 03:00:00,-2210826.0
Power,SUD,demand_power,2019-04-03 04:00:00,-2412394.0
Power,SUD,demand_power,2019-04-03 05:00:00,-2755519.75
Power,SUD,demand_power,2019-04-03 06:00:00,-3192180.75
Power,SUD,demand_power,2019-04-03 07:00:00,-3402668.0
Power,SUD,demand_power,2019-04-03 08:00:00,-3568721.0
Power,SUD,demand_power,2019-04-03 09:00:00,-3535355.5
Power,SUD,demand_power,2019-04-03 10:00:00,-3532187.0
Power,SUD,demand_power,2019-04-03 11:00:00,-3681373.0
Power,SUD,demand_power,2019-04-03 12:00:00,-3795023.25
Power,SUD,demand_power,2019-04-03 13:00:00,-3779318.25
Power,SUD,demand_power,2019-04-03 14:00:00,-3795803.25
Power,SUD,demand_power,2019-04-03 15:00:00,-3789190.75
Power,SUD,demand_power,2019-04-03 16:00:00,-3730210.5
Power,SUD,demand_power,2019-04-03 17:00:00,-3739460.75
Power,SUD,demand_power,2019-04-03 18:00:00,-3926762.75
Power,SUD,demand_power,2019-04-03 19:00:00,-4055809.0
Power,SUD,demand_power,2019-04-03 20:00:00,-3775324.5
Power,SUD,demand_power,2019-04-03 21:00:00,-3477777.25
Power,SUD,demand_power,2019-04-03 22:00:00,-3118070.75
Power,SUD,demand_power,2019-04-03 23:00:00,-2837387.25
